"path","ownership","category","gitStatus","reviewStatus","finding","severity","action","justification","tests","references"
".agents/skills/supabase-postgres-best-practices/CHANGELOG.md","projeto","arquivo de projeto","tracked","vistoriado","vistoriado — sem achado específico","informativa","manter sob os gates arquiteturais e funcionais aplicáveis","nenhuma inconsistência individual adicional foi confirmada nesta revisão","validação proporcional à categoria e aos consumidores","auditoria forense 2026-07-31"
".agents/skills/supabase-postgres-best-practices/SKILL.md","projeto","arquivo de projeto","tracked","vistoriado","vistoriado — sem achado específico","informativa","manter sob os gates arquiteturais e funcionais aplicáveis","nenhuma inconsistência individual adicional foi confirmada nesta revisão","validação proporcional à categoria e aos consumidores","auditoria forense 2026-07-31"
".agents/skills/supabase-postgres-best-practices/references/_contributing.md","projeto","arquivo de projeto","tracked","vistoriado","vistoriado — sem achado específico","informativa","manter sob os gates arquiteturais e funcionais aplicáveis","nenhuma inconsistência individual adicional foi confirmada nesta revisão","validação proporcional à categoria e aos consumidores","auditoria forense 2026-07-31"
".agents/skills/supabase-postgres-best-practices/references/_sections.md","projeto","arquivo de projeto","tracked","vistoriado","vistoriado — sem achado específico","informativa","manter sob os gates arquiteturais e funcionais aplicáveis","nenhuma inconsistência individual adicional foi confirmada nesta revisão","validação proporcional à categoria e aos consumidores","auditoria forense 2026-07-31"
".agents/skills/supabase-postgres-best-practices/references/_template.md","projeto","arquivo de projeto","tracked","vistoriado","vistoriado — sem achado específico","informativa","manter sob os gates arquiteturais e funcionais aplicáveis","nenhuma inconsistência individual adicional foi confirmada nesta revisão","validação proporcional à categoria e aos consumidores","auditoria forense 2026-07-31"
".agents/skills/supabase-postgres-best-practices/references/advanced-full-text-search.md","projeto","arquivo de projeto","tracked","vistoriado","vistoriado — sem achado específico","informativa","manter sob os gates arquiteturais e funcionais aplicáveis","nenhuma inconsistência individual adicional foi confirmada nesta revisão","validação proporcional à categoria e aos consumidores","auditoria forense 2026-07-31"
".agents/skills/supabase-postgres-best-practices/references/advanced-jsonb-indexing.md","projeto","arquivo de projeto","tracked","vistoriado","vistoriado — sem achado específico","informativa","manter sob os gates arquiteturais e funcionais aplicáveis","nenhuma inconsistência individual adicional foi confirmada nesta revisão","validação proporcional à categoria e aos consumidores","auditoria forense 2026-07-31"
".agents/skills/supabase-postgres-best-practices/references/conn-idle-timeout.md","projeto","arquivo de projeto","tracked","vistoriado","vistoriado — sem achado específico","informativa","manter sob os gates arquiteturais e funcionais aplicáveis","nenhuma inconsistência individual adicional foi confirmada nesta revisão","validação proporcional à categoria e aos consumidores","auditoria forense 2026-07-31"
".agents/skills/supabase-postgres-best-practices/references/conn-limits.md","projeto","arquivo de projeto","tracked","vistoriado","vistoriado — sem achado específico","informativa","manter sob os gates arquiteturais e funcionais aplicáveis","nenhuma inconsistência individual adicional foi confirmada nesta revisão","validação proporcional à categoria e aos consumidores","auditoria forense 2026-07-31"
".agents/skills/supabase-postgres-best-practices/references/conn-pooling.md","projeto","arquivo de projeto","tracked","vistoriado","vistoriado — sem achado específico","informativa","manter sob os gates arquiteturais e funcionais aplicáveis","nenhuma inconsistência individual adicional foi confirmada nesta revisão","validação proporcional à categoria e aos consumidores","auditoria forense 2026-07-31"
".agents/skills/supabase-postgres-best-practices/references/conn-prepared-statements.md","projeto","arquivo de projeto","tracked","vistoriado","vistoriado — sem achado específico","informativa","manter sob os gates arquiteturais e funcionais aplicáveis","nenhuma inconsistência individual adicional foi confirmada nesta revisão","validação proporcional à categoria e aos consumidores","auditoria forense 2026-07-31"
".agents/skills/supabase-postgres-best-practices/references/data-batch-inserts.md","projeto","arquivo de projeto","tracked","vistoriado","vistoriado — sem achado específico","informativa","manter sob os gates arquiteturais e funcionais aplicáveis","nenhuma inconsistência individual adicional foi confirmada nesta revisão","validação proporcional à categoria e aos consumidores","auditoria forense 2026-07-31"
".agents/skills/supabase-postgres-best-practices/references/data-n-plus-one.md","projeto","arquivo de projeto","tracked","vistoriado","vistoriado — sem achado específico","informativa","manter sob os gates arquiteturais e funcionais aplicáveis","nenhuma inconsistência individual adicional foi confirmada nesta revisão","validação proporcional à categoria e aos consumidores","auditoria forense 2026-07-31"
".agents/skills/supabase-postgres-best-practices/references/data-pagination.md","projeto","arquivo de projeto","tracked","vistoriado","vistoriado — sem achado específico","informativa","manter sob os gates arquiteturais e funcionais aplicáveis","nenhuma inconsistência individual adicional foi confirmada nesta revisão","validação proporcional à categoria e aos consumidores","auditoria forense 2026-07-31"
".agents/skills/supabase-postgres-best-practices/references/data-upsert.md","projeto","arquivo de projeto","tracked","vistoriado","vistoriado — sem achado específico","informativa","manter sob os gates arquiteturais e funcionais aplicáveis","nenhuma inconsistência individual adicional foi confirmada nesta revisão","validação proporcional à categoria e aos consumidores","auditoria forense 2026-07-31"
".agents/skills/supabase-postgres-best-practices/references/lock-advisory.md","projeto","arquivo de projeto","tracked","vistoriado","vistoriado — sem achado específico","informativa","manter sob os gates arquiteturais e funcionais aplicáveis","nenhuma inconsistência individual adicional foi confirmada nesta revisão","validação proporcional à categoria e aos consumidores","auditoria forense 2026-07-31"
".agents/skills/supabase-postgres-best-practices/references/lock-deadlock-prevention.md","projeto","arquivo de projeto","tracked","vistoriado","vistoriado — sem achado específico","informativa","manter sob os gates arquiteturais e funcionais aplicáveis","nenhuma inconsistência individual adicional foi confirmada nesta revisão","validação proporcional à categoria e aos consumidores","auditoria forense 2026-07-31"
".agents/skills/supabase-postgres-best-practices/references/lock-short-transactions.md","projeto","arquivo de projeto","tracked","vistoriado","vistoriado — sem achado específico","informativa","manter sob os gates arquiteturais e funcionais aplicáveis","nenhuma inconsistência individual adicional foi confirmada nesta revisão","validação proporcional à categoria e aos consumidores","auditoria forense 2026-07-31"
".agents/skills/supabase-postgres-best-practices/references/lock-skip-locked.md","projeto","arquivo de projeto","tracked","vistoriado","vistoriado — sem achado específico","informativa","manter sob os gates arquiteturais e funcionais aplicáveis","nenhuma inconsistência individual adicional foi confirmada nesta revisão","validação proporcional à categoria e aos consumidores","auditoria forense 2026-07-31"
".agents/skills/supabase-postgres-best-practices/references/monitor-explain-analyze.md","projeto","arquivo de projeto","tracked","vistoriado","vistoriado — sem achado específico","informativa","manter sob os gates arquiteturais e funcionais aplicáveis","nenhuma inconsistência individual adicional foi confirmada nesta revisão","validação proporcional à categoria e aos consumidores","auditoria forense 2026-07-31"
".agents/skills/supabase-postgres-best-practices/references/monitor-pg-stat-statements.md","projeto","arquivo de projeto","tracked","vistoriado","vistoriado — sem achado específico","informativa","manter sob os gates arquiteturais e funcionais aplicáveis","nenhuma inconsistência individual adicional foi confirmada nesta revisão","validação proporcional à categoria e aos consumidores","auditoria forense 2026-07-31"
".agents/skills/supabase-postgres-best-practices/references/monitor-vacuum-analyze.md","projeto","arquivo de projeto","tracked","vistoriado","vistoriado — sem achado específico","informativa","manter sob os gates arquiteturais e funcionais aplicáveis","nenhuma inconsistência individual adicional foi confirmada nesta revisão","validação proporcional à categoria e aos consumidores","auditoria forense 2026-07-31"
".agents/skills/supabase-postgres-best-practices/references/query-composite-indexes.md","projeto","arquivo de projeto","tracked","vistoriado","vistoriado — sem achado específico","informativa","manter sob os gates arquiteturais e funcionais aplicáveis","nenhuma inconsistência individual adicional foi confirmada nesta revisão","validação proporcional à categoria e aos consumidores","auditoria forense 2026-07-31"
".agents/skills/supabase-postgres-best-practices/references/query-covering-indexes.md","projeto","arquivo de projeto","tracked","vistoriado","vistoriado — sem achado específico","informativa","manter sob os gates arquiteturais e funcionais aplicáveis","nenhuma inconsistência individual adicional foi confirmada nesta revisão","validação proporcional à categoria e aos consumidores","auditoria forense 2026-07-31"
".agents/skills/supabase-postgres-best-practices/references/query-index-types.md","projeto","arquivo de projeto","tracked","vistoriado","vistoriado — sem achado específico","informativa","manter sob os gates arquiteturais e funcionais aplicáveis","nenhuma inconsistência individual adicional foi confirmada nesta revisão","validação proporcional à categoria e aos consumidores","auditoria forense 2026-07-31"
".agents/skills/supabase-postgres-best-practices/references/query-missing-indexes.md","projeto","arquivo de projeto","tracked","vistoriado","vistoriado — sem achado específico","informativa","manter sob os gates arquiteturais e funcionais aplicáveis","nenhuma inconsistência individual adicional foi confirmada nesta revisão","validação proporcional à categoria e aos consumidores","auditoria forense 2026-07-31"
".agents/skills/supabase-postgres-best-practices/references/query-partial-indexes.md","projeto","arquivo de projeto","tracked","vistoriado","vistoriado — sem achado específico","informativa","manter sob os gates arquiteturais e funcionais aplicáveis","nenhuma inconsistência individual adicional foi confirmada nesta revisão","validação proporcional à categoria e aos consumidores","auditoria forense 2026-07-31"
".agents/skills/supabase-postgres-best-practices/references/schema-constraints.md","projeto","arquivo de projeto","tracked","vistoriado","vistoriado — sem achado específico","informativa","manter sob os gates arquiteturais e funcionais aplicáveis","nenhuma inconsistência individual adicional foi confirmada nesta revisão","validação proporcional à categoria e aos consumidores","auditoria forense 2026-07-31"
".agents/skills/supabase-postgres-best-practices/references/schema-data-types.md","projeto","arquivo de projeto","tracked","vistoriado","vistoriado — sem achado específico","informativa","manter sob os gates arquiteturais e funcionais aplicáveis","nenhuma inconsistência individual adicional foi confirmada nesta revisão","validação proporcional à categoria e aos consumidores","auditoria forense 2026-07-31"
".agents/skills/supabase-postgres-best-practices/references/schema-foreign-key-indexes.md","projeto","arquivo de projeto","tracked","vistoriado","vistoriado — sem achado específico","informativa","manter sob os gates arquiteturais e funcionais aplicáveis","nenhuma inconsistência individual adicional foi confirmada nesta revisão","validação proporcional à categoria e aos consumidores","auditoria forense 2026-07-31"
".agents/skills/supabase-postgres-best-practices/references/schema-lowercase-identifiers.md","projeto","arquivo de projeto","tracked","vistoriado","vistoriado — sem achado específico","informativa","manter sob os gates arquiteturais e funcionais aplicáveis","nenhuma inconsistência individual adicional foi confirmada nesta revisão","validação proporcional à categoria e aos consumidores","auditoria forense 2026-07-31"
".agents/skills/supabase-postgres-best-practices/references/schema-partitioning.md","projeto","arquivo de projeto","tracked","vistoriado","vistoriado — sem achado específico","informativa","manter sob os gates arquiteturais e funcionais aplicáveis","nenhuma inconsistência individual adicional foi confirmada nesta revisão","validação proporcional à categoria e aos consumidores","auditoria forense 2026-07-31"
".agents/skills/supabase-postgres-best-practices/references/schema-primary-keys.md","projeto","arquivo de projeto","tracked","vistoriado","vistoriado — sem achado específico","informativa","manter sob os gates arquiteturais e funcionais aplicáveis","nenhuma inconsistência individual adicional foi confirmada nesta revisão","validação proporcional à categoria e aos consumidores","auditoria forense 2026-07-31"
".agents/skills/supabase-postgres-best-practices/references/security-privileges.md","projeto","arquivo de projeto","tracked","vistoriado","vistoriado — sem achado específico","informativa","manter sob os gates arquiteturais e funcionais aplicáveis","nenhuma inconsistência individual adicional foi confirmada nesta revisão","validação proporcional à categoria e aos consumidores","auditoria forense 2026-07-31"
".agents/skills/supabase-postgres-best-practices/references/security-rls-basics.md","projeto","arquivo de projeto","tracked","vistoriado","vistoriado — sem achado específico","informativa","manter sob os gates arquiteturais e funcionais aplicáveis","nenhuma inconsistência individual adicional foi confirmada nesta revisão","validação proporcional à categoria e aos consumidores","auditoria forense 2026-07-31"
".agents/skills/supabase-postgres-best-practices/references/security-rls-performance.md","projeto","arquivo de projeto","tracked","vistoriado","vistoriado — sem achado específico","informativa","manter sob os gates arquiteturais e funcionais aplicáveis","nenhuma inconsistência individual adicional foi confirmada nesta revisão","validação proporcional à categoria e aos consumidores","auditoria forense 2026-07-31"
".agents/skills/supabase/CHANGELOG.md","projeto","arquivo de projeto","tracked","vistoriado","vistoriado — sem achado específico","informativa","manter sob os gates arquiteturais e funcionais aplicáveis","nenhuma inconsistência individual adicional foi confirmada nesta revisão","validação proporcional à categoria e aos consumidores","auditoria forense 2026-07-31"
".agents/skills/supabase/SKILL.md","projeto","arquivo de projeto","tracked","vistoriado","vistoriado — sem achado específico","informativa","manter sob os gates arquiteturais e funcionais aplicáveis","nenhuma inconsistência individual adicional foi confirmada nesta revisão","validação proporcional à categoria e aos consumidores","auditoria forense 2026-07-31"
".agents/skills/supabase/assets/feedback-issue-template.md","projeto","arquivo de projeto","tracked","vistoriado","vistoriado — sem achado específico","informativa","manter sob os gates arquiteturais e funcionais aplicáveis","nenhuma inconsistência individual adicional foi confirmada nesta revisão","validação proporcional à categoria e aos consumidores","auditoria forense 2026-07-31"
".agents/skills/supabase/references/skill-feedback.md","projeto","arquivo de projeto","tracked","vistoriado","vistoriado — sem achado específico","informativa","manter sob os gates arquiteturais e funcionais aplicáveis","nenhuma inconsistência individual adicional foi confirmada nesta revisão","validação proporcional à categoria e aos consumidores","auditoria forense 2026-07-31"
".env.example","projeto","arquivo de projeto","tracked","vistoriado","vistoriado — sem achado específico","informativa","manter sob os gates arquiteturais e funcionais aplicáveis","nenhuma inconsistência individual adicional foi confirmada nesta revisão","validação proporcional à categoria e aos consumidores","auditoria forense 2026-07-31"
".github/copilot-instructions.md","projeto","automação","tracked","vistoriado","vistoriado — sem achado específico","informativa","manter sob os gates arquiteturais e funcionais aplicáveis","nenhuma inconsistência individual adicional foi confirmada nesta revisão","validação proporcional à categoria e aos consumidores","auditoria forense 2026-07-31"
".github/workflows/ci.yml","projeto","automação","tracked","vistoriado","vistoriado — sem achado específico","informativa","manter sob os gates arquiteturais e funcionais aplicáveis","nenhuma inconsistência individual adicional foi confirmada nesta revisão","validação proporcional à categoria e aos consumidores","auditoria forense 2026-07-31"
".gitignore","projeto","arquivo de projeto","tracked","vistoriado","vistoriado — sem achado específico","informativa","manter sob os gates arquiteturais e funcionais aplicáveis","nenhuma inconsistência individual adicional foi confirmada nesta revisão","validação proporcional à categoria e aos consumidores","auditoria forense 2026-07-31"
".mcp.json","projeto","configuração","tracked","vistoriado","vistoriado — sem achado específico","informativa","manter sob os gates arquiteturais e funcionais aplicáveis","nenhuma inconsistência individual adicional foi confirmada nesta revisão","validação proporcional à categoria e aos consumidores","auditoria forense 2026-07-31"
".node-version","projeto","arquivo de projeto","tracked","vistoriado","vistoriado — sem achado específico","informativa","manter sob os gates arquiteturais e funcionais aplicáveis","nenhuma inconsistência individual adicional foi confirmada nesta revisão","validação proporcional à categoria e aos consumidores","auditoria forense 2026-07-31"
"README.md","projeto","arquivo de projeto","tracked","vistoriado","vistoriado — sem achado específico","informativa","manter sob os gates arquiteturais e funcionais aplicáveis","nenhuma inconsistência individual adicional foi confirmada nesta revisão","validação proporcional à categoria e aos consumidores","auditoria forense 2026-07-31"
"components.json","projeto","configuração","tracked","vistoriado","vistoriado — sem achado específico","informativa","manter sob os gates arquiteturais e funcionais aplicáveis","nenhuma inconsistência individual adicional foi confirmada nesta revisão","validação proporcional à categoria e aos consumidores","auditoria forense 2026-07-31"
"deno.lock","projeto","arquivo de projeto","tracked","vistoriado","vistoriado — sem achado específico","informativa","manter sob os gates arquiteturais e funcionais aplicáveis","nenhuma inconsistência individual adicional foi confirmada nesta revisão","validação proporcional à categoria e aos consumidores","auditoria forense 2026-07-31"
"docs/README.md","projeto","documentação","tracked","vistoriado","vistoriado — sem achado específico","informativa","manter sob os gates arquiteturais e funcionais aplicáveis","nenhuma inconsistência individual adicional foi confirmada nesta revisão","validação proporcional à categoria e aos consumidores","auditoria forense 2026-07-31"
"docs/architecture/INDEX__architecture.md","projeto","documentação","tracked","vistoriado","vistoriado — sem achado específico","informativa","manter sob os gates arquiteturais e funcionais aplicáveis","nenhuma inconsistência individual adicional foi confirmada nesta revisão","validação proporcional à categoria e aos consumidores","auditoria forense 2026-07-31"
"docs/architecture/operations-read-model.md","projeto","documentação","tracked","vistoriado","vistoriado — sem achado específico","informativa","manter sob os gates arquiteturais e funcionais aplicáveis","nenhuma inconsistência individual adicional foi confirmada nesta revisão","validação proporcional à categoria e aos consumidores","auditoria forense 2026-07-31"
"docs/audits/2026-07-31-forensic-file-inventory.csv","projeto","documentação","gerado","vistoriado","vistoriado — sem achado específico","informativa","manter sob os gates arquiteturais e funcionais aplicáveis","nenhuma inconsistência individual adicional foi confirmada nesta revisão","validação proporcional à categoria e aos consumidores","auditoria forense 2026-07-31"
"docs/audits/2026-07-31-forensic-file-inventory.json","projeto","documentação","gerado","vistoriado","vistoriado — sem achado específico","informativa","manter sob os gates arquiteturais e funcionais aplicáveis","nenhuma inconsistência individual adicional foi confirmada nesta revisão","validação proporcional à categoria e aos consumidores","auditoria forense 2026-07-31"
"docs/audits/2026-07-31-forensic-project-audit.md","projeto","documentação","tracked","vistoriado","vistoriado — sem achado específico","informativa","manter sob os gates arquiteturais e funcionais aplicáveis","nenhuma inconsistência individual adicional foi confirmada nesta revisão","validação proporcional à categoria e aos consumidores","auditoria forense 2026-07-31"
"docs/audits/2026-08-01-users-audit-forensic-review.md","projeto","documentação","??","vistoriado","vistoriado — sem achado específico","informativa","manter sob os gates arquiteturais e funcionais aplicáveis","nenhuma inconsistência individual adicional foi confirmada nesta revisão","validação proporcional à categoria e aos consumidores","auditoria forense 2026-07-31"
"docs/audits/INDEX__audits.md","projeto","documentação","M","vistoriado","vistoriado — sem achado específico","informativa","manter sob os gates arquiteturais e funcionais aplicáveis","nenhuma inconsistência individual adicional foi confirmada nesta revisão","validação proporcional à categoria e aos consumidores","auditoria forense 2026-07-31"
"docs/current/2026-07-20__sync-erp-readiness.md","projeto","documentação","M","vistoriado","vistoriado — sem achado específico","informativa","manter sob os gates arquiteturais e funcionais aplicáveis","nenhuma inconsistência individual adicional foi confirmada nesta revisão","validação proporcional à categoria e aos consumidores","auditoria forense 2026-07-31"
"docs/current/2026-07-31__data-table-filter-refactor.md","projeto","documentação","tracked","vistoriado","vistoriado — sem achado específico","informativa","manter sob os gates arquiteturais e funcionais aplicáveis","nenhuma inconsistência individual adicional foi confirmada nesta revisão","validação proporcional à categoria e aos consumidores","auditoria forense 2026-07-31"
"docs/current/BACKLOG__high-impact-preprod-validation.md","projeto","documentação","tracked","vistoriado","vistoriado — sem achado específico","informativa","manter sob os gates arquiteturais e funcionais aplicáveis","nenhuma inconsistência individual adicional foi confirmada nesta revisão","validação proporcional à categoria e aos consumidores","auditoria forense 2026-07-31"
"docs/current/INDEX__current-docs.md","projeto","documentação","tracked","vistoriado","vistoriado — sem achado específico","informativa","manter sob os gates arquiteturais e funcionais aplicáveis","nenhuma inconsistência individual adicional foi confirmada nesta revisão","validação proporcional à categoria e aos consumidores","auditoria forense 2026-07-31"
"docs/reports/2026-07-20__flow-audit-notifications-and-toast-safety.md","projeto","documentação","tracked","vistoriado","vistoriado — sem achado específico","informativa","manter sob os gates arquiteturais e funcionais aplicáveis","nenhuma inconsistência individual adicional foi confirmada nesta revisão","validação proporcional à categoria e aos consumidores","auditoria forense 2026-07-31"
"docs/reports/2026-07-20__flow-auth-permissions-and-access.md","projeto","documentação","tracked","vistoriado","vistoriado — sem achado específico","informativa","manter sob os gates arquiteturais e funcionais aplicáveis","nenhuma inconsistência individual adicional foi confirmada nesta revisão","validação proporcional à categoria e aos consumidores","auditoria forense 2026-07-31"
"docs/reports/2026-07-20__flow-clients-vehicles-and-scale.md","projeto","documentação","tracked","vistoriado","vistoriado — sem achado específico","informativa","manter sob os gates arquiteturais e funcionais aplicáveis","nenhuma inconsistência individual adicional foi confirmada nesta revisão","validação proporcional à categoria e aos consumidores","auditoria forense 2026-07-31"
"docs/reports/2026-07-20__flow-my-profile-header-sync.md","projeto","documentação","tracked","vistoriado","vistoriado — sem achado específico","informativa","manter sob os gates arquiteturais e funcionais aplicáveis","nenhuma inconsistência individual adicional foi confirmada nesta revisão","validação proporcional à categoria e aos consumidores","auditoria forense 2026-07-31"
"docs/reports/2026-07-20__flow-security-chaos-validation.md","projeto","documentação","tracked","vistoriado","vistoriado — sem achado específico","informativa","manter sob os gates arquiteturais e funcionais aplicáveis","nenhuma inconsistência individual adicional foi confirmada nesta revisão","validação proporcional à categoria e aos consumidores","auditoria forense 2026-07-31"
"docs/reports/2026-07-20__flow-units-yard-and-sync.md","projeto","documentação","tracked","vistoriado","vistoriado — sem achado específico","informativa","manter sob os gates arquiteturais e funcionais aplicáveis","nenhuma inconsistência individual adicional foi confirmada nesta revisão","validação proporcional à categoria e aos consumidores","auditoria forense 2026-07-31"
"docs/reports/2026-07-20__flow-users-roles-units.md","projeto","documentação","tracked","vistoriado","vistoriado — sem achado específico","informativa","manter sob os gates arquiteturais e funcionais aplicáveis","nenhuma inconsistência individual adicional foi confirmada nesta revisão","validação proporcional à categoria e aos consumidores","auditoria forense 2026-07-31"
"docs/reports/2026-07-20__flow-validation-template.md","projeto","documentação","tracked","vistoriado","vistoriado — sem achado específico","informativa","manter sob os gates arquiteturais e funcionais aplicáveis","nenhuma inconsistência individual adicional foi confirmada nesta revisão","validação proporcional à categoria e aos consumidores","auditoria forense 2026-07-31"
"docs/reports/2026-07-21__flow-dashboard-bento-grid.md","projeto","documentação","tracked","vistoriado","vistoriado — sem achado específico","informativa","manter sob os gates arquiteturais e funcionais aplicáveis","nenhuma inconsistência individual adicional foi confirmada nesta revisão","validação proporcional à categoria e aos consumidores","auditoria forense 2026-07-31"
"docs/reports/2026-07-21__flow-forms-tables-filters-audit.md","projeto","documentação","tracked","vistoriado","vistoriado — sem achado específico","informativa","manter sob os gates arquiteturais e funcionais aplicáveis","nenhuma inconsistência individual adicional foi confirmada nesta revisão","validação proporcional à categoria e aos consumidores","auditoria forense 2026-07-31"
"docs/reports/2026-07-21__flow-reports-dashboard-tab-captura-discovery.md","projeto","documentação","tracked","vistoriado","vistoriado — sem achado específico","informativa","manter sob os gates arquiteturais e funcionais aplicáveis","nenhuma inconsistência individual adicional foi confirmada nesta revisão","validação proporcional à categoria e aos consumidores","auditoria forense 2026-07-31"
"docs/reports/INDEX__flow-reports.md","projeto","documentação","tracked","vistoriado","vistoriado — sem achado específico","informativa","manter sob os gates arquiteturais e funcionais aplicáveis","nenhuma inconsistência individual adicional foi confirmada nesta revisão","validação proporcional à categoria e aos consumidores","auditoria forense 2026-07-31"
"eslint.config.js","projeto","configuração","tracked","vistoriado","vistoriado — sem achado específico","informativa","manter sob os gates arquiteturais e funcionais aplicáveis","nenhuma inconsistência individual adicional foi confirmada nesta revisão","validação proporcional à categoria e aos consumidores","auditoria forense 2026-07-31"
"index.html","projeto","arquivo de projeto","tracked","vistoriado","vistoriado — sem achado específico","informativa","manter sob os gates arquiteturais e funcionais aplicáveis","nenhuma inconsistência individual adicional foi confirmada nesta revisão","validação proporcional à categoria e aos consumidores","auditoria forense 2026-07-31"
"package.json","projeto","configuração","tracked","vistoriado","vistoriado — sem achado específico","informativa","manter sob os gates arquiteturais e funcionais aplicáveis","nenhuma inconsistência individual adicional foi confirmada nesta revisão","validação proporcional à categoria e aos consumidores","auditoria forense 2026-07-31"
"pnpm-lock.yaml","projeto","lock gerado","tracked","vistoriado","vistoriado — artefato gerado pelo manifesto","informativa","regenerar somente com pnpm fixado","garante resolução reprodutível de dependências","pnpm install --frozen-lockfile","package.json#packageManager"
"public/favicon.ico","projeto","binário","tracked","vistoriado","vistoriado — conteúdo binário classificado","informativa","manter somente quando consumido ou normativo","binários não são auditáveis como código-fonte","validar consumidor e hash quando aplicável","inventário Git"
"public/favicon.svg","projeto","asset vetorial","tracked","vistoriado","duplicata exata de asset","baixa","definir fonte canônica sem quebrar o favicon público","evita divergência futura entre cópias da marca","build e verificação visual do favicon","plano §2 src/assets e public"
"scripts/check-bundle-budget.mjs","projeto","script","tracked","vistoriado","vistoriado — sem achado específico","informativa","manter sob os gates arquiteturais e funcionais aplicáveis","nenhuma inconsistência individual adicional foi confirmada nesta revisão","validação proporcional à categoria e aos consumidores","auditoria forense 2026-07-31"
"scripts/generate-forensic-inventory.mjs","projeto","script","tracked","vistoriado","vistoriado — sem achado específico","informativa","manter sob os gates arquiteturais e funcionais aplicáveis","nenhuma inconsistência individual adicional foi confirmada nesta revisão","validação proporcional à categoria e aos consumidores","auditoria forense 2026-07-31"
"scripts/validate-package.mjs","projeto","script","M","vistoriado","vistoriado — sem achado específico","informativa","manter sob os gates arquiteturais e funcionais aplicáveis","nenhuma inconsistência individual adicional foi confirmada nesta revisão","validação proporcional à categoria e aos consumidores","auditoria forense 2026-07-31"
"skills-lock.json","projeto","configuração","tracked","vistoriado","vistoriado — sem achado específico","informativa","manter sob os gates arquiteturais e funcionais aplicáveis","nenhuma inconsistência individual adicional foi confirmada nesta revisão","validação proporcional à categoria e aos consumidores","auditoria forense 2026-07-31"
"src/App.tsx","projeto","código de aplicação","tracked","vistoriado","vistoriado — sem achado específico","informativa","manter sob os gates arquiteturais e funcionais aplicáveis","nenhuma inconsistência individual adicional foi confirmada nesta revisão","validação proporcional à categoria e aos consumidores","auditoria forense 2026-07-31"
"src/README.md","projeto","código de aplicação","tracked","vistoriado","vistoriado — sem achado específico","informativa","manter sob os gates arquiteturais e funcionais aplicáveis","nenhuma inconsistência individual adicional foi confirmada nesta revisão","validação proporcional à categoria e aos consumidores","auditoria forense 2026-07-31"
"src/app/constants/app-copy.ts","projeto","código de aplicação","tracked","vistoriado","vistoriado — sem achado específico","informativa","manter sob os gates arquiteturais e funcionais aplicáveis","nenhuma inconsistência individual adicional foi confirmada nesta revisão","validação proporcional à categoria e aos consumidores","auditoria forense 2026-07-31"
"src/app/constants/index.ts","projeto","código de aplicação","tracked","vistoriado","vistoriado — sem achado específico","informativa","manter sob os gates arquiteturais e funcionais aplicáveis","nenhuma inconsistência individual adicional foi confirmada nesta revisão","validação proporcional à categoria e aos consumidores","auditoria forense 2026-07-31"
"src/app/docs/README.md","projeto","código de aplicação","tracked","vistoriado","vistoriado — sem achado específico","informativa","manter sob os gates arquiteturais e funcionais aplicáveis","nenhuma inconsistência individual adicional foi confirmada nesta revisão","validação proporcional à categoria e aos consumidores","auditoria forense 2026-07-31"
"src/app/index.ts","projeto","código de aplicação","tracked","vistoriado","vistoriado — sem achado específico","informativa","manter sob os gates arquiteturais e funcionais aplicáveis","nenhuma inconsistência individual adicional foi confirmada nesta revisão","validação proporcional à categoria e aos consumidores","auditoria forense 2026-07-31"
"src/app/layouts/authenticated-layout.tsx","projeto","código de aplicação","tracked","vistoriado","vistoriado — sem achado específico","informativa","manter sob os gates arquiteturais e funcionais aplicáveis","nenhuma inconsistência individual adicional foi confirmada nesta revisão","validação proporcional à categoria e aos consumidores","auditoria forense 2026-07-31"
"src/app/layouts/index.ts","projeto","código de aplicação","tracked","vistoriado","vistoriado — sem achado específico","informativa","manter sob os gates arquiteturais e funcionais aplicáveis","nenhuma inconsistência individual adicional foi confirmada nesta revisão","validação proporcional à categoria e aos consumidores","auditoria forense 2026-07-31"
"src/app/providers/app-providers.tsx","projeto","código de aplicação","tracked","vistoriado","vistoriado — sem achado específico","informativa","manter sob os gates arquiteturais e funcionais aplicáveis","nenhuma inconsistência individual adicional foi confirmada nesta revisão","validação proporcional à categoria e aos consumidores","auditoria forense 2026-07-31"
"src/app/providers/authenticated-app-providers.tsx","projeto","código de aplicação","tracked","vistoriado","vistoriado — sem achado específico","informativa","manter sob os gates arquiteturais e funcionais aplicáveis","nenhuma inconsistência individual adicional foi confirmada nesta revisão","validação proporcional à categoria e aos consumidores","auditoria forense 2026-07-31"
"src/app/providers/index.ts","projeto","código de aplicação","tracked","vistoriado","vistoriado — sem achado específico","informativa","manter sob os gates arquiteturais e funcionais aplicáveis","nenhuma inconsistência individual adicional foi confirmada nesta revisão","validação proporcional à categoria e aos consumidores","auditoria forense 2026-07-31"
"src/app/router/app-router.tsx","projeto","código de aplicação","tracked","vistoriado","vistoriado — sem achado específico","informativa","manter sob os gates arquiteturais e funcionais aplicáveis","nenhuma inconsistência individual adicional foi confirmada nesta revisão","validação proporcional à categoria e aos consumidores","auditoria forense 2026-07-31"
"src/app/router/components/index.ts","projeto","código de aplicação","tracked","vistoriado","vistoriado — sem achado específico","informativa","manter sob os gates arquiteturais e funcionais aplicáveis","nenhuma inconsistência individual adicional foi confirmada nesta revisão","validação proporcional à categoria e aos consumidores","auditoria forense 2026-07-31"
"src/app/router/components/private-route-gate.tsx","projeto","código de aplicação","tracked","vistoriado","vistoriado — sem achado específico","informativa","manter sob os gates arquiteturais e funcionais aplicáveis","nenhuma inconsistência individual adicional foi confirmada nesta revisão","validação proporcional à categoria e aos consumidores","auditoria forense 2026-07-31"
"src/app/router/components/production-home-route.tsx","projeto","código de aplicação","tracked","vistoriado","vistoriado — sem achado específico","informativa","manter sob os gates arquiteturais e funcionais aplicáveis","nenhuma inconsistência individual adicional foi confirmada nesta revisão","validação proporcional à categoria e aos consumidores","auditoria forense 2026-07-31"
"src/app/router/components/public-route-gate.tsx","projeto","código de aplicação","tracked","vistoriado","vistoriado — sem achado específico","informativa","manter sob os gates arquiteturais e funcionais aplicáveis","nenhuma inconsistência individual adicional foi confirmada nesta revisão","validação proporcional à categoria e aos consumidores","auditoria forense 2026-07-31"
"src/app/router/components/route-access-denied.tsx","projeto","código de aplicação","tracked","vistoriado","vistoriado — sem achado específico","informativa","manter sob os gates arquiteturais e funcionais aplicáveis","nenhuma inconsistência individual adicional foi confirmada nesta revisão","validação proporcional à categoria e aos consumidores","auditoria forense 2026-07-31"
"src/app/router/components/route-error-boundary.tsx","projeto","código de aplicação","tracked","vistoriado","vistoriado — sem achado específico","informativa","manter sob os gates arquiteturais e funcionais aplicáveis","nenhuma inconsistência individual adicional foi confirmada nesta revisão","validação proporcional à categoria e aos consumidores","auditoria forense 2026-07-31"
"src/app/router/components/route-loading-state.tsx","projeto","código de aplicação","tracked","vistoriado","vistoriado — sem achado específico","informativa","manter sob os gates arquiteturais e funcionais aplicáveis","nenhuma inconsistência individual adicional foi confirmada nesta revisão","validação proporcional à categoria e aos consumidores","auditoria forense 2026-07-31"
"src/app/router/components/route-not-found.tsx","projeto","código de aplicação","tracked","vistoriado","vistoriado — sem achado específico","informativa","manter sob os gates arquiteturais e funcionais aplicáveis","nenhuma inconsistência individual adicional foi confirmada nesta revisão","validação proporcional à categoria e aos consumidores","auditoria forense 2026-07-31"
"src/app/router/index.ts","projeto","código de aplicação","tracked","vistoriado","vistoriado — sem achado específico","informativa","manter sob os gates arquiteturais e funcionais aplicáveis","nenhuma inconsistência individual adicional foi confirmada nesta revisão","validação proporcional à categoria e aos consumidores","auditoria forense 2026-07-31"
"src/app/router/route-access.ts","projeto","código de aplicação","tracked","vistoriado","vistoriado — sem achado específico","informativa","manter sob os gates arquiteturais e funcionais aplicáveis","nenhuma inconsistência individual adicional foi confirmada nesta revisão","validação proporcional à categoria e aos consumidores","auditoria forense 2026-07-31"
"src/app/router/route-builders.tsx","projeto","código de aplicação","tracked","vistoriado","vistoriado — sem achado específico","informativa","manter sob os gates arquiteturais e funcionais aplicáveis","nenhuma inconsistência individual adicional foi confirmada nesta revisão","validação proporcional à categoria e aos consumidores","auditoria forense 2026-07-31"
"src/app/router/route-error-reporter.ts","projeto","código de aplicação","tracked","vistoriado","vistoriado — sem achado específico","informativa","manter sob os gates arquiteturais e funcionais aplicáveis","nenhuma inconsistência individual adicional foi confirmada nesta revisão","validação proporcional à categoria e aos consumidores","auditoria forense 2026-07-31"
"src/app/router/route-lazy-loaders.ts","projeto","código de aplicação","tracked","vistoriado","vistoriado — sem achado específico","informativa","manter sob os gates arquiteturais e funcionais aplicáveis","nenhuma inconsistência individual adicional foi confirmada nesta revisão","validação proporcional à categoria e aos consumidores","auditoria forense 2026-07-31"
"src/app/router/route-registry.ts","projeto","código de aplicação","tracked","vistoriado","vistoriado — sem achado específico","informativa","manter sob os gates arquiteturais e funcionais aplicáveis","nenhuma inconsistência individual adicional foi confirmada nesta revisão","validação proporcional à categoria e aos consumidores","auditoria forense 2026-07-31"
"src/app/router/routes.tsx","projeto","código de aplicação","tracked","vistoriado","vistoriado — sem achado específico","informativa","manter sob os gates arquiteturais e funcionais aplicáveis","nenhuma inconsistência individual adicional foi confirmada nesta revisão","validação proporcional à categoria e aos consumidores","auditoria forense 2026-07-31"
"src/assets/brand/montecarlo-logo.webp","projeto","código de aplicação","tracked","vistoriado","vistoriado — sem achado específico","informativa","manter sob os gates arquiteturais e funcionais aplicáveis","nenhuma inconsistência individual adicional foi confirmada nesta revisão","validação proporcional à categoria e aos consumidores","auditoria forense 2026-07-31"
"src/assets/brand/montecarlo-sidebar-logo.webp","projeto","código de aplicação","tracked","vistoriado","vistoriado — sem achado específico","informativa","manter sob os gates arquiteturais e funcionais aplicáveis","nenhuma inconsistência individual adicional foi confirmada nesta revisão","validação proporcional à categoria e aos consumidores","auditoria forense 2026-07-31"
"src/assets/brand/montecarlo-symbol-mono.svg","projeto","asset vetorial","tracked","vistoriado","vistoriado — sem achado específico","informativa","manter sob os gates arquiteturais e funcionais aplicáveis","nenhuma inconsistência individual adicional foi confirmada nesta revisão","validação proporcional à categoria e aos consumidores","auditoria forense 2026-07-31"
"src/components/README.md","projeto","componente compartilhado","tracked","vistoriado","vistoriado — sem achado específico","informativa","manter sob os gates arquiteturais e funcionais aplicáveis","nenhuma inconsistência individual adicional foi confirmada nesta revisão","validação proporcional à categoria e aos consumidores","auditoria forense 2026-07-31"
"src/components/data-table/data-table-actions-column.tsx","projeto","componente compartilhado","tracked","vistoriado","vistoriado — sem achado específico","informativa","manter sob os gates arquiteturais e funcionais aplicáveis","nenhuma inconsistência individual adicional foi confirmada nesta revisão","validação proporcional à categoria e aos consumidores","auditoria forense 2026-07-31"
"src/components/data-table/data-table-badge-column.tsx","projeto","componente compartilhado","tracked","vistoriado","vistoriado — sem achado específico","informativa","manter sob os gates arquiteturais e funcionais aplicáveis","nenhuma inconsistência individual adicional foi confirmada nesta revisão","validação proporcional à categoria e aos consumidores","auditoria forense 2026-07-31"
"src/components/data-table/data-table-column-header.tsx","projeto","componente compartilhado","tracked","vistoriado","vistoriado — sem achado específico","informativa","manter sob os gates arquiteturais e funcionais aplicáveis","nenhuma inconsistência individual adicional foi confirmada nesta revisão","validação proporcional à categoria e aos consumidores","auditoria forense 2026-07-31"
"src/components/data-table/data-table-constants.ts","projeto","componente compartilhado","tracked","vistoriado","vistoriado — sem achado específico","informativa","manter sob os gates arquiteturais e funcionais aplicáveis","nenhuma inconsistência individual adicional foi confirmada nesta revisão","validação proporcional à categoria e aos consumidores","auditoria forense 2026-07-31"
"src/components/data-table/data-table-copy.ts","projeto","componente compartilhado","tracked","vistoriado","vistoriado — sem achado específico","informativa","manter sob os gates arquiteturais e funcionais aplicáveis","nenhuma inconsistência individual adicional foi confirmada nesta revisão","validação proporcional à categoria e aos consumidores","auditoria forense 2026-07-31"
"src/components/data-table/data-table-date-time-column.tsx","projeto","componente compartilhado","tracked","vistoriado","vistoriado — sem achado específico","informativa","manter sob os gates arquiteturais e funcionais aplicáveis","nenhuma inconsistência individual adicional foi confirmada nesta revisão","validação proporcional à categoria e aos consumidores","auditoria forense 2026-07-31"
"src/components/data-table/data-table-empty-state.tsx","projeto","componente compartilhado","tracked","vistoriado","vistoriado — sem achado específico","informativa","manter sob os gates arquiteturais e funcionais aplicáveis","nenhuma inconsistência individual adicional foi confirmada nesta revisão","validação proporcional à categoria e aos consumidores","auditoria forense 2026-07-31"
"src/components/data-table/data-table-export-menu.tsx","projeto","componente compartilhado","tracked","vistoriado","vistoriado — sem achado específico","informativa","manter sob os gates arquiteturais e funcionais aplicáveis","nenhuma inconsistência individual adicional foi confirmada nesta revisão","validação proporcional à categoria e aos consumidores","auditoria forense 2026-07-31"
"src/components/data-table/data-table-faceted-filter.tsx","projeto","componente compartilhado","tracked","vistoriado","vistoriado — sem achado específico","informativa","manter sob os gates arquiteturais e funcionais aplicáveis","nenhuma inconsistência individual adicional foi confirmada nesta revisão","validação proporcional à categoria e aos consumidores","auditoria forense 2026-07-31"
"src/components/data-table/data-table-filter-fns.ts","projeto","componente compartilhado","tracked","vistoriado","vistoriado — sem achado específico","informativa","manter sob os gates arquiteturais e funcionais aplicáveis","nenhuma inconsistência individual adicional foi confirmada nesta revisão","validação proporcional à categoria e aos consumidores","auditoria forense 2026-07-31"
"src/components/data-table/data-table-filter-icon.tsx","projeto","componente compartilhado","tracked","vistoriado","vistoriado — sem achado específico","informativa","manter sob os gates arquiteturais e funcionais aplicáveis","nenhuma inconsistência individual adicional foi confirmada nesta revisão","validação proporcional à categoria e aos consumidores","auditoria forense 2026-07-31"
"src/components/data-table/data-table-filter-menu.tsx","projeto","componente compartilhado","tracked","vistoriado","vistoriado — sem achado específico","informativa","manter sob os gates arquiteturais e funcionais aplicáveis","nenhuma inconsistência individual adicional foi confirmada nesta revisão","validação proporcional à categoria e aos consumidores","auditoria forense 2026-07-31"
"src/components/data-table/data-table-filter-options.ts","projeto","componente compartilhado","tracked","vistoriado","vistoriado — sem achado específico","informativa","manter sob os gates arquiteturais e funcionais aplicáveis","nenhuma inconsistência individual adicional foi confirmada nesta revisão","validação proporcional à categoria e aos consumidores","auditoria forense 2026-07-31"
"src/components/data-table/data-table-filter-utils.ts","projeto","componente compartilhado","tracked","vistoriado","vistoriado — sem achado específico","informativa","manter sob os gates arquiteturais e funcionais aplicáveis","nenhuma inconsistência individual adicional foi confirmada nesta revisão","validação proporcional à categoria e aos consumidores","auditoria forense 2026-07-31"
"src/components/data-table/data-table-loading-skeleton.tsx","projeto","componente compartilhado","tracked","vistoriado","vistoriado — sem achado específico","informativa","manter sob os gates arquiteturais e funcionais aplicáveis","nenhuma inconsistência individual adicional foi confirmada nesta revisão","validação proporcional à categoria e aos consumidores","auditoria forense 2026-07-31"
"src/components/data-table/data-table-option-cell.tsx","projeto","componente compartilhado","tracked","vistoriado","vistoriado — sem achado específico","informativa","manter sob os gates arquiteturais e funcionais aplicáveis","nenhuma inconsistência individual adicional foi confirmada nesta revisão","validação proporcional à categoria e aos consumidores","auditoria forense 2026-07-31"
"src/components/data-table/data-table-option-column.tsx","projeto","componente compartilhado","tracked","vistoriado","vistoriado — sem achado específico","informativa","manter sob os gates arquiteturais e funcionais aplicáveis","nenhuma inconsistência individual adicional foi confirmada nesta revisão","validação proporcional à categoria e aos consumidores","auditoria forense 2026-07-31"
"src/components/data-table/data-table-pagination.tsx","projeto","componente compartilhado","tracked","vistoriado","vistoriado — sem achado específico","informativa","manter sob os gates arquiteturais e funcionais aplicáveis","nenhuma inconsistência individual adicional foi confirmada nesta revisão","validação proporcional à categoria e aos consumidores","auditoria forense 2026-07-31"
"src/components/data-table/data-table-row-actions.tsx","projeto","componente compartilhado","tracked","vistoriado","vistoriado — sem achado específico","informativa","manter sob os gates arquiteturais e funcionais aplicáveis","nenhuma inconsistência individual adicional foi confirmada nesta revisão","validação proporcional à categoria e aos consumidores","auditoria forense 2026-07-31"
"src/components/data-table/data-table-scroll-container.tsx","projeto","componente compartilhado","tracked","vistoriado","vistoriado — sem achado específico","informativa","manter sob os gates arquiteturais e funcionais aplicáveis","nenhuma inconsistência individual adicional foi confirmada nesta revisão","validação proporcional à categoria e aos consumidores","auditoria forense 2026-07-31"
"src/components/data-table/data-table-search-filter.tsx","projeto","componente compartilhado","tracked","vistoriado","vistoriado — sem achado específico","informativa","manter sob os gates arquiteturais e funcionais aplicáveis","nenhuma inconsistência individual adicional foi confirmada nesta revisão","validação proporcional à categoria e aos consumidores","auditoria forense 2026-07-31"
"src/components/data-table/data-table-search-input.tsx","projeto","componente compartilhado","tracked","vistoriado","vistoriado — sem achado específico","informativa","manter sob os gates arquiteturais e funcionais aplicáveis","nenhuma inconsistência individual adicional foi confirmada nesta revisão","validação proporcional à categoria e aos consumidores","auditoria forense 2026-07-31"
"src/components/data-table/data-table-select-column.tsx","projeto","componente compartilhado","tracked","vistoriado","vistoriado — sem achado específico","informativa","manter sob os gates arquiteturais e funcionais aplicáveis","nenhuma inconsistência individual adicional foi confirmada nesta revisão","validação proporcional à categoria e aos consumidores","auditoria forense 2026-07-31"
"src/components/data-table/data-table-sensitive-value.tsx","projeto","componente compartilhado","tracked","vistoriado","vistoriado — sem achado específico","informativa","manter sob os gates arquiteturais e funcionais aplicáveis","nenhuma inconsistência individual adicional foi confirmada nesta revisão","validação proporcional à categoria e aos consumidores","auditoria forense 2026-07-31"
"src/components/data-table/data-table-stacked-cell.tsx","projeto","componente compartilhado","tracked","vistoriado","vistoriado — sem achado específico","informativa","manter sob os gates arquiteturais e funcionais aplicáveis","nenhuma inconsistência individual adicional foi confirmada nesta revisão","validação proporcional à categoria e aos consumidores","auditoria forense 2026-07-31"
"src/components/data-table/data-table-state.ts","projeto","componente compartilhado","tracked","vistoriado","vistoriado — sem achado específico","informativa","manter sob os gates arquiteturais e funcionais aplicáveis","nenhuma inconsistência individual adicional foi confirmada nesta revisão","validação proporcional à categoria e aos consumidores","auditoria forense 2026-07-31"
"src/components/data-table/data-table-text-action.tsx","projeto","componente compartilhado","tracked","vistoriado","vistoriado — sem achado específico","informativa","manter sob os gates arquiteturais e funcionais aplicáveis","nenhuma inconsistência individual adicional foi confirmada nesta revisão","validação proporcional à categoria e aos consumidores","auditoria forense 2026-07-31"
"src/components/data-table/data-table-text-column.tsx","projeto","componente compartilhado","tracked","vistoriado","vistoriado — sem achado específico","informativa","manter sob os gates arquiteturais e funcionais aplicáveis","nenhuma inconsistência individual adicional foi confirmada nesta revisão","validação proporcional à categoria e aos consumidores","auditoria forense 2026-07-31"
"src/components/data-table/data-table-toolbar.tsx","projeto","componente compartilhado","tracked","vistoriado","vistoriado — sem achado específico","informativa","manter sob os gates arquiteturais e funcionais aplicáveis","nenhuma inconsistência individual adicional foi confirmada nesta revisão","validação proporcional à categoria e aos consumidores","auditoria forense 2026-07-31"
"src/components/data-table/data-table-types.ts","projeto","componente compartilhado","tracked","vistoriado","vistoriado — sem achado específico","informativa","manter sob os gates arquiteturais e funcionais aplicáveis","nenhuma inconsistência individual adicional foi confirmada nesta revisão","validação proporcional à categoria e aos consumidores","auditoria forense 2026-07-31"
"src/components/data-table/data-table-view-options.tsx","projeto","componente compartilhado","tracked","vistoriado","vistoriado — sem achado específico","informativa","manter sob os gates arquiteturais e funcionais aplicáveis","nenhuma inconsistência individual adicional foi confirmada nesta revisão","validação proporcional à categoria e aos consumidores","auditoria forense 2026-07-31"
"src/components/data-table/data-table.tsx","projeto","componente compartilhado","tracked","vistoriado","vistoriado — sem achado específico","informativa","manter sob os gates arquiteturais e funcionais aplicáveis","nenhuma inconsistência individual adicional foi confirmada nesta revisão","validação proporcional à categoria e aos consumidores","auditoria forense 2026-07-31"
"src/components/data-table/index.ts","projeto","componente compartilhado","tracked","vistoriado","vistoriado — sem achado específico","informativa","manter sob os gates arquiteturais e funcionais aplicáveis","nenhuma inconsistência individual adicional foi confirmada nesta revisão","validação proporcional à categoria e aos consumidores","auditoria forense 2026-07-31"
"src/components/shared/README.md","projeto","componente compartilhado","tracked","vistoriado","vistoriado — sem achado específico","informativa","manter sob os gates arquiteturais e funcionais aplicáveis","nenhuma inconsistência individual adicional foi confirmada nesta revisão","validação proporcional à categoria e aos consumidores","auditoria forense 2026-07-31"
"src/components/shared/app-alert-dialog.tsx","projeto","componente compartilhado","tracked","vistoriado","vistoriado — sem achado específico","informativa","manter sob os gates arquiteturais e funcionais aplicáveis","nenhuma inconsistência individual adicional foi confirmada nesta revisão","validação proporcional à categoria e aos consumidores","auditoria forense 2026-07-31"
"src/components/shared/app-details-sheet.tsx","projeto","componente compartilhado","tracked","vistoriado","vistoriado — sem achado específico","informativa","manter sob os gates arquiteturais e funcionais aplicáveis","nenhuma inconsistência individual adicional foi confirmada nesta revisão","validação proporcional à categoria e aos consumidores","auditoria forense 2026-07-31"
"src/components/shared/app-dialog.tsx","projeto","componente compartilhado","tracked","vistoriado","vistoriado — sem achado específico","informativa","manter sob os gates arquiteturais e funcionais aplicáveis","nenhuma inconsistência individual adicional foi confirmada nesta revisão","validação proporcional à categoria e aos consumidores","auditoria forense 2026-07-31"
"src/components/shared/app-drawer.tsx","projeto","componente compartilhado","tracked","vistoriado","vistoriado — sem achado específico","informativa","manter sob os gates arquiteturais e funcionais aplicáveis","nenhuma inconsistência individual adicional foi confirmada nesta revisão","validação proporcional à categoria e aos consumidores","auditoria forense 2026-07-31"
"src/components/shared/app-empty-state.tsx","projeto","componente compartilhado","tracked","vistoriado","vistoriado — sem achado específico","informativa","manter sob os gates arquiteturais e funcionais aplicáveis","nenhuma inconsistência individual adicional foi confirmada nesta revisão","validação proporcional à categoria e aos consumidores","auditoria forense 2026-07-31"
"src/components/shared/app-page.tsx","projeto","componente compartilhado","tracked","vistoriado","vistoriado — sem achado específico","informativa","manter sob os gates arquiteturais e funcionais aplicáveis","nenhuma inconsistência individual adicional foi confirmada nesta revisão","validação proporcional à categoria e aos consumidores","auditoria forense 2026-07-31"
"src/components/shared/app-password-field.tsx","projeto","componente compartilhado","tracked","vistoriado","vistoriado — sem achado específico","informativa","manter sob os gates arquiteturais e funcionais aplicáveis","nenhuma inconsistência individual adicional foi confirmada nesta revisão","validação proporcional à categoria e aos consumidores","auditoria forense 2026-07-31"
"src/components/shared/app-sheet.tsx","projeto","componente compartilhado","tracked","vistoriado","vistoriado — sem achado específico","informativa","manter sob os gates arquiteturais e funcionais aplicáveis","nenhuma inconsistência individual adicional foi confirmada nesta revisão","validação proporcional à categoria e aos consumidores","auditoria forense 2026-07-31"
"src/components/shared/app-tabs.tsx","projeto","componente compartilhado","M","vistoriado","vistoriado — sem achado específico","informativa","manter sob os gates arquiteturais e funcionais aplicáveis","nenhuma inconsistência individual adicional foi confirmada nesta revisão","validação proporcional à categoria e aos consumidores","auditoria forense 2026-07-31"
"src/components/shared/app-unit-selector.tsx","projeto","componente compartilhado","tracked","vistoriado","vistoriado — sem achado específico","informativa","manter sob os gates arquiteturais e funcionais aplicáveis","nenhuma inconsistência individual adicional foi confirmada nesta revisão","validação proporcional à categoria e aos consumidores","auditoria forense 2026-07-31"
"src/components/shared/index.ts","projeto","componente compartilhado","tracked","vistoriado","vistoriado — sem achado específico","informativa","manter sob os gates arquiteturais e funcionais aplicáveis","nenhuma inconsistência individual adicional foi confirmada nesta revisão","validação proporcional à categoria e aos consumidores","auditoria forense 2026-07-31"
"src/components/sidebar/README.md","projeto","componente compartilhado","tracked","vistoriado","vistoriado — sem achado específico","informativa","manter sob os gates arquiteturais e funcionais aplicáveis","nenhuma inconsistência individual adicional foi confirmada nesta revisão","validação proporcional à categoria e aos consumidores","auditoria forense 2026-07-31"
"src/components/sidebar/index.ts","projeto","componente compartilhado","tracked","vistoriado","vistoriado — sem achado específico","informativa","manter sob os gates arquiteturais e funcionais aplicáveis","nenhuma inconsistência individual adicional foi confirmada nesta revisão","validação proporcional à categoria e aos consumidores","auditoria forense 2026-07-31"
"src/components/sidebar/sidebar-app.tsx","projeto","componente compartilhado","M","vistoriado","vistoriado — sem achado específico","informativa","manter sob os gates arquiteturais e funcionais aplicáveis","nenhuma inconsistência individual adicional foi confirmada nesta revisão","validação proporcional à categoria e aos consumidores","auditoria forense 2026-07-31"
"src/components/sidebar/sidebar-brand.tsx","projeto","componente compartilhado","tracked","vistoriado","vistoriado — sem achado específico","informativa","manter sob os gates arquiteturais e funcionais aplicáveis","nenhuma inconsistência individual adicional foi confirmada nesta revisão","validação proporcional à categoria e aos consumidores","auditoria forense 2026-07-31"
"src/components/sidebar/sidebar-collapse-control.tsx","projeto","componente compartilhado","tracked","vistoriado","vistoriado — sem achado específico","informativa","manter sob os gates arquiteturais e funcionais aplicáveis","nenhuma inconsistência individual adicional foi confirmada nesta revisão","validação proporcional à categoria e aos consumidores","auditoria forense 2026-07-31"
"src/components/sidebar/sidebar-config.ts","projeto","componente compartilhado","tracked","vistoriado","vistoriado — sem achado específico","informativa","manter sob os gates arquiteturais e funcionais aplicáveis","nenhuma inconsistência individual adicional foi confirmada nesta revisão","validação proporcional à categoria e aos consumidores","auditoria forense 2026-07-31"
"src/components/sidebar/sidebar-copy.ts","projeto","componente compartilhado","M","vistoriado","vistoriado — sem achado específico","informativa","manter sob os gates arquiteturais e funcionais aplicáveis","nenhuma inconsistência individual adicional foi confirmada nesta revisão","validação proporcional à categoria e aos consumidores","auditoria forense 2026-07-31"
"src/components/sidebar/sidebar-header.tsx","projeto","componente compartilhado","tracked","vistoriado","vistoriado — sem achado específico","informativa","manter sob os gates arquiteturais e funcionais aplicáveis","nenhuma inconsistência individual adicional foi confirmada nesta revisão","validação proporcional à categoria e aos consumidores","auditoria forense 2026-07-31"
"src/components/sidebar/sidebar-nav-group.tsx","projeto","componente compartilhado","tracked","vistoriado","vistoriado — sem achado específico","informativa","manter sob os gates arquiteturais e funcionais aplicáveis","nenhuma inconsistência individual adicional foi confirmada nesta revisão","validação proporcional à categoria e aos consumidores","auditoria forense 2026-07-31"
"src/components/sidebar/sidebar-navigation.tsx","projeto","componente compartilhado","tracked","vistoriado","vistoriado — sem achado específico","informativa","manter sob os gates arquiteturais e funcionais aplicáveis","nenhuma inconsistência individual adicional foi confirmada nesta revisão","validação proporcional à categoria e aos consumidores","auditoria forense 2026-07-31"
"src/components/sidebar/sidebar-notifications-popover.tsx","projeto","componente compartilhado","tracked","vistoriado","vistoriado — sem achado específico","informativa","manter sob os gates arquiteturais e funcionais aplicáveis","nenhuma inconsistência individual adicional foi confirmada nesta revisão","validação proporcional à categoria e aos consumidores","auditoria forense 2026-07-31"
"src/components/sidebar/sidebar-profile.tsx","projeto","componente compartilhado","M","vistoriado","vistoriado — sem achado específico","informativa","manter sob os gates arquiteturais e funcionais aplicáveis","nenhuma inconsistência individual adicional foi confirmada nesta revisão","validação proporcional à categoria e aos consumidores","auditoria forense 2026-07-31"
"src/components/sidebar/sidebar-user-menu.tsx","projeto","componente compartilhado","tracked","vistoriado","vistoriado — sem achado específico","informativa","manter sob os gates arquiteturais e funcionais aplicáveis","nenhuma inconsistência individual adicional foi confirmada nesta revisão","validação proporcional à categoria e aos consumidores","auditoria forense 2026-07-31"
"src/components/toast/README.md","projeto","componente compartilhado","tracked","vistoriado","vistoriado — sem achado específico","informativa","manter sob os gates arquiteturais e funcionais aplicáveis","nenhuma inconsistência individual adicional foi confirmada nesta revisão","validação proporcional à categoria e aos consumidores","auditoria forense 2026-07-31"
"src/components/toast/index.ts","projeto","componente compartilhado","tracked","vistoriado","vistoriado — sem achado específico","informativa","manter sob os gates arquiteturais e funcionais aplicáveis","nenhuma inconsistência individual adicional foi confirmada nesta revisão","validação proporcional à categoria e aos consumidores","auditoria forense 2026-07-31"
"src/components/toast/toast-app.tsx","projeto","componente compartilhado","tracked","vistoriado","vistoriado — sem achado específico","informativa","manter sob os gates arquiteturais e funcionais aplicáveis","nenhuma inconsistência individual adicional foi confirmada nesta revisão","validação proporcional à categoria e aos consumidores","auditoria forense 2026-07-31"
"src/components/toast/toast-copy.ts","projeto","componente compartilhado","tracked","vistoriado","vistoriado — sem achado específico","informativa","manter sob os gates arquiteturais e funcionais aplicáveis","nenhuma inconsistência individual adicional foi confirmada nesta revisão","validação proporcional à categoria e aos consumidores","auditoria forense 2026-07-31"
"src/components/toast/toast-utils.ts","projeto","componente compartilhado","tracked","vistoriado","vistoriado — sem achado específico","informativa","manter sob os gates arquiteturais e funcionais aplicáveis","nenhuma inconsistência individual adicional foi confirmada nesta revisão","validação proporcional à categoria e aos consumidores","auditoria forense 2026-07-31"
"src/components/toast/toast.ts","projeto","componente compartilhado","tracked","vistoriado","vistoriado — sem achado específico","informativa","manter sob os gates arquiteturais e funcionais aplicáveis","nenhuma inconsistência individual adicional foi confirmada nesta revisão","validação proporcional à categoria e aos consumidores","auditoria forense 2026-07-31"
"src/components/ui/accordion.tsx","projeto","primitive shadcn","tracked","vistoriado","vistoriado — base shadcn estável","informativa","manter internals gerados; compor extensões fora desta pasta","preserva atualização e consistência do catálogo oficial","dry-run/diff shadcn e testes dos consumidores","components.json; regras shadcn do plano"
"src/components/ui/alert-dialog.tsx","projeto","primitive shadcn","tracked","vistoriado","vistoriado — base shadcn estável","informativa","manter internals gerados; compor extensões fora desta pasta","preserva atualização e consistência do catálogo oficial","dry-run/diff shadcn e testes dos consumidores","components.json; regras shadcn do plano"
"src/components/ui/alert.tsx","projeto","primitive shadcn","tracked","vistoriado","vistoriado — base shadcn estável","informativa","manter internals gerados; compor extensões fora desta pasta","preserva atualização e consistência do catálogo oficial","dry-run/diff shadcn e testes dos consumidores","components.json; regras shadcn do plano"
"src/components/ui/aspect-ratio.tsx","projeto","primitive shadcn","tracked","vistoriado","vistoriado — base shadcn estável","informativa","manter internals gerados; compor extensões fora desta pasta","preserva atualização e consistência do catálogo oficial","dry-run/diff shadcn e testes dos consumidores","components.json; regras shadcn do plano"
"src/components/ui/attachment.tsx","projeto","primitive shadcn","tracked","vistoriado","vistoriado — base shadcn estável","informativa","manter internals gerados; compor extensões fora desta pasta","preserva atualização e consistência do catálogo oficial","dry-run/diff shadcn e testes dos consumidores","components.json; regras shadcn do plano"
"src/components/ui/avatar.tsx","projeto","primitive shadcn","tracked","vistoriado","vistoriado — base shadcn estável","informativa","manter internals gerados; compor extensões fora desta pasta","preserva atualização e consistência do catálogo oficial","dry-run/diff shadcn e testes dos consumidores","components.json; regras shadcn do plano"
"src/components/ui/badge.tsx","projeto","primitive shadcn","tracked","vistoriado","vistoriado — base shadcn estável","informativa","manter internals gerados; compor extensões fora desta pasta","preserva atualização e consistência do catálogo oficial","dry-run/diff shadcn e testes dos consumidores","components.json; regras shadcn do plano"
"src/components/ui/breadcrumb.tsx","projeto","primitive shadcn","tracked","vistoriado","vistoriado — base shadcn estável","informativa","manter internals gerados; compor extensões fora desta pasta","preserva atualização e consistência do catálogo oficial","dry-run/diff shadcn e testes dos consumidores","components.json; regras shadcn do plano"
"src/components/ui/bubble.tsx","projeto","primitive shadcn","tracked","vistoriado","vistoriado — base shadcn estável","informativa","manter internals gerados; compor extensões fora desta pasta","preserva atualização e consistência do catálogo oficial","dry-run/diff shadcn e testes dos consumidores","components.json; regras shadcn do plano"
"src/components/ui/button-group.tsx","projeto","primitive shadcn","tracked","vistoriado","vistoriado — base shadcn estável","informativa","manter internals gerados; compor extensões fora desta pasta","preserva atualização e consistência do catálogo oficial","dry-run/diff shadcn e testes dos consumidores","components.json; regras shadcn do plano"
"src/components/ui/button.tsx","projeto","primitive shadcn","tracked","vistoriado","vistoriado — base shadcn estável","informativa","manter internals gerados; compor extensões fora desta pasta","preserva atualização e consistência do catálogo oficial","dry-run/diff shadcn e testes dos consumidores","components.json; regras shadcn do plano"
"src/components/ui/calendar.tsx","projeto","primitive shadcn","tracked","vistoriado","vistoriado — base shadcn estável","informativa","manter internals gerados; compor extensões fora desta pasta","preserva atualização e consistência do catálogo oficial","dry-run/diff shadcn e testes dos consumidores","components.json; regras shadcn do plano"
"src/components/ui/card.tsx","projeto","primitive shadcn","tracked","vistoriado","vistoriado — base shadcn estável","informativa","manter internals gerados; compor extensões fora desta pasta","preserva atualização e consistência do catálogo oficial","dry-run/diff shadcn e testes dos consumidores","components.json; regras shadcn do plano"
"src/components/ui/carousel.tsx","projeto","primitive shadcn","tracked","vistoriado","vistoriado — base shadcn estável","informativa","manter internals gerados; compor extensões fora desta pasta","preserva atualização e consistência do catálogo oficial","dry-run/diff shadcn e testes dos consumidores","components.json; regras shadcn do plano"
"src/components/ui/chart.tsx","projeto","primitive shadcn","tracked","vistoriado","vistoriado — base shadcn estável","informativa","manter internals gerados; compor extensões fora desta pasta","preserva atualização e consistência do catálogo oficial","dry-run/diff shadcn e testes dos consumidores","components.json; regras shadcn do plano"
"src/components/ui/checkbox.tsx","projeto","primitive shadcn","tracked","vistoriado","vistoriado — base shadcn estável","informativa","manter internals gerados; compor extensões fora desta pasta","preserva atualização e consistência do catálogo oficial","dry-run/diff shadcn e testes dos consumidores","components.json; regras shadcn do plano"
"src/components/ui/collapsible.tsx","projeto","primitive shadcn","tracked","vistoriado","vistoriado — base shadcn estável","informativa","manter internals gerados; compor extensões fora desta pasta","preserva atualização e consistência do catálogo oficial","dry-run/diff shadcn e testes dos consumidores","components.json; regras shadcn do plano"
"src/components/ui/combobox.tsx","projeto","primitive shadcn","tracked","vistoriado","vistoriado — base shadcn estável","informativa","manter internals gerados; compor extensões fora desta pasta","preserva atualização e consistência do catálogo oficial","dry-run/diff shadcn e testes dos consumidores","components.json; regras shadcn do plano"
"src/components/ui/command.tsx","projeto","primitive shadcn","tracked","vistoriado","vistoriado — base shadcn estável","informativa","manter internals gerados; compor extensões fora desta pasta","preserva atualização e consistência do catálogo oficial","dry-run/diff shadcn e testes dos consumidores","components.json; regras shadcn do plano"
"src/components/ui/context-menu.tsx","projeto","primitive shadcn","tracked","vistoriado","vistoriado — base shadcn estável","informativa","manter internals gerados; compor extensões fora desta pasta","preserva atualização e consistência do catálogo oficial","dry-run/diff shadcn e testes dos consumidores","components.json; regras shadcn do plano"
"src/components/ui/dialog.tsx","projeto","primitive shadcn","tracked","vistoriado","vistoriado — base shadcn estável","informativa","manter internals gerados; compor extensões fora desta pasta","preserva atualização e consistência do catálogo oficial","dry-run/diff shadcn e testes dos consumidores","components.json; regras shadcn do plano"
"src/components/ui/direction.tsx","projeto","primitive shadcn","tracked","vistoriado","vistoriado — base shadcn estável","informativa","manter internals gerados; compor extensões fora desta pasta","preserva atualização e consistência do catálogo oficial","dry-run/diff shadcn e testes dos consumidores","components.json; regras shadcn do plano"
"src/components/ui/drawer.tsx","projeto","primitive shadcn","tracked","vistoriado","vistoriado — base shadcn estável","informativa","manter internals gerados; compor extensões fora desta pasta","preserva atualização e consistência do catálogo oficial","dry-run/diff shadcn e testes dos consumidores","components.json; regras shadcn do plano"
"src/components/ui/dropdown-menu.tsx","projeto","primitive shadcn","tracked","vistoriado","vistoriado — base shadcn estável","informativa","manter internals gerados; compor extensões fora desta pasta","preserva atualização e consistência do catálogo oficial","dry-run/diff shadcn e testes dos consumidores","components.json; regras shadcn do plano"
"src/components/ui/empty.tsx","projeto","primitive shadcn","tracked","vistoriado","vistoriado — base shadcn estável","informativa","manter internals gerados; compor extensões fora desta pasta","preserva atualização e consistência do catálogo oficial","dry-run/diff shadcn e testes dos consumidores","components.json; regras shadcn do plano"
"src/components/ui/field.tsx","projeto","primitive shadcn","tracked","vistoriado","vistoriado — base shadcn estável","informativa","manter internals gerados; compor extensões fora desta pasta","preserva atualização e consistência do catálogo oficial","dry-run/diff shadcn e testes dos consumidores","components.json; regras shadcn do plano"
"src/components/ui/hover-card.tsx","projeto","primitive shadcn","tracked","vistoriado","vistoriado — base shadcn estável","informativa","manter internals gerados; compor extensões fora desta pasta","preserva atualização e consistência do catálogo oficial","dry-run/diff shadcn e testes dos consumidores","components.json; regras shadcn do plano"
"src/components/ui/input-group.tsx","projeto","primitive shadcn","tracked","vistoriado","vistoriado — base shadcn estável","informativa","manter internals gerados; compor extensões fora desta pasta","preserva atualização e consistência do catálogo oficial","dry-run/diff shadcn e testes dos consumidores","components.json; regras shadcn do plano"
"src/components/ui/input-otp.tsx","projeto","primitive shadcn","tracked","vistoriado","vistoriado — base shadcn estável","informativa","manter internals gerados; compor extensões fora desta pasta","preserva atualização e consistência do catálogo oficial","dry-run/diff shadcn e testes dos consumidores","components.json; regras shadcn do plano"
"src/components/ui/input.tsx","projeto","primitive shadcn","tracked","vistoriado","vistoriado — base shadcn estável","informativa","manter internals gerados; compor extensões fora desta pasta","preserva atualização e consistência do catálogo oficial","dry-run/diff shadcn e testes dos consumidores","components.json; regras shadcn do plano"
"src/components/ui/item.tsx","projeto","primitive shadcn","tracked","vistoriado","vistoriado — base shadcn estável","informativa","manter internals gerados; compor extensões fora desta pasta","preserva atualização e consistência do catálogo oficial","dry-run/diff shadcn e testes dos consumidores","components.json; regras shadcn do plano"
"src/components/ui/kbd.tsx","projeto","primitive shadcn","tracked","vistoriado","vistoriado — base shadcn estável","informativa","manter internals gerados; compor extensões fora desta pasta","preserva atualização e consistência do catálogo oficial","dry-run/diff shadcn e testes dos consumidores","components.json; regras shadcn do plano"
"src/components/ui/label.tsx","projeto","primitive shadcn","tracked","vistoriado","vistoriado — base shadcn estável","informativa","manter internals gerados; compor extensões fora desta pasta","preserva atualização e consistência do catálogo oficial","dry-run/diff shadcn e testes dos consumidores","components.json; regras shadcn do plano"
"src/components/ui/marker.tsx","projeto","primitive shadcn","tracked","vistoriado","vistoriado — base shadcn estável","informativa","manter internals gerados; compor extensões fora desta pasta","preserva atualização e consistência do catálogo oficial","dry-run/diff shadcn e testes dos consumidores","components.json; regras shadcn do plano"
"src/components/ui/menubar.tsx","projeto","primitive shadcn","tracked","vistoriado","vistoriado — base shadcn estável","informativa","manter internals gerados; compor extensões fora desta pasta","preserva atualização e consistência do catálogo oficial","dry-run/diff shadcn e testes dos consumidores","components.json; regras shadcn do plano"
"src/components/ui/message-scroller.tsx","projeto","primitive shadcn","tracked","vistoriado","vistoriado — base shadcn estável","informativa","manter internals gerados; compor extensões fora desta pasta","preserva atualização e consistência do catálogo oficial","dry-run/diff shadcn e testes dos consumidores","components.json; regras shadcn do plano"
"src/components/ui/message.tsx","projeto","primitive shadcn","tracked","vistoriado","vistoriado — base shadcn estável","informativa","manter internals gerados; compor extensões fora desta pasta","preserva atualização e consistência do catálogo oficial","dry-run/diff shadcn e testes dos consumidores","components.json; regras shadcn do plano"
"src/components/ui/native-select.tsx","projeto","primitive shadcn","tracked","vistoriado","vistoriado — base shadcn estável","informativa","manter internals gerados; compor extensões fora desta pasta","preserva atualização e consistência do catálogo oficial","dry-run/diff shadcn e testes dos consumidores","components.json; regras shadcn do plano"
"src/components/ui/navigation-menu.tsx","projeto","primitive shadcn","tracked","vistoriado","vistoriado — base shadcn estável","informativa","manter internals gerados; compor extensões fora desta pasta","preserva atualização e consistência do catálogo oficial","dry-run/diff shadcn e testes dos consumidores","components.json; regras shadcn do plano"
"src/components/ui/pagination.tsx","projeto","primitive shadcn","tracked","vistoriado","vistoriado — base shadcn estável","informativa","manter internals gerados; compor extensões fora desta pasta","preserva atualização e consistência do catálogo oficial","dry-run/diff shadcn e testes dos consumidores","components.json; regras shadcn do plano"
"src/components/ui/popover.tsx","projeto","primitive shadcn","tracked","vistoriado","vistoriado — base shadcn estável","informativa","manter internals gerados; compor extensões fora desta pasta","preserva atualização e consistência do catálogo oficial","dry-run/diff shadcn e testes dos consumidores","components.json; regras shadcn do plano"
"src/components/ui/progress.tsx","projeto","primitive shadcn","tracked","vistoriado","vistoriado — base shadcn estável","informativa","manter internals gerados; compor extensões fora desta pasta","preserva atualização e consistência do catálogo oficial","dry-run/diff shadcn e testes dos consumidores","components.json; regras shadcn do plano"
"src/components/ui/radio-group.tsx","projeto","primitive shadcn","tracked","vistoriado","vistoriado — base shadcn estável","informativa","manter internals gerados; compor extensões fora desta pasta","preserva atualização e consistência do catálogo oficial","dry-run/diff shadcn e testes dos consumidores","components.json; regras shadcn do plano"
"src/components/ui/resizable.tsx","projeto","primitive shadcn","tracked","vistoriado","vistoriado — base shadcn estável","informativa","manter internals gerados; compor extensões fora desta pasta","preserva atualização e consistência do catálogo oficial","dry-run/diff shadcn e testes dos consumidores","components.json; regras shadcn do plano"
"src/components/ui/scroll-area.tsx","projeto","primitive shadcn","tracked","vistoriado","vistoriado — base shadcn estável","informativa","manter internals gerados; compor extensões fora desta pasta","preserva atualização e consistência do catálogo oficial","dry-run/diff shadcn e testes dos consumidores","components.json; regras shadcn do plano"
"src/components/ui/select.tsx","projeto","primitive shadcn","tracked","vistoriado","vistoriado — base shadcn estável","informativa","manter internals gerados; compor extensões fora desta pasta","preserva atualização e consistência do catálogo oficial","dry-run/diff shadcn e testes dos consumidores","components.json; regras shadcn do plano"
"src/components/ui/separator.tsx","projeto","primitive shadcn","tracked","vistoriado","vistoriado — base shadcn estável","informativa","manter internals gerados; compor extensões fora desta pasta","preserva atualização e consistência do catálogo oficial","dry-run/diff shadcn e testes dos consumidores","components.json; regras shadcn do plano"
"src/components/ui/sheet.tsx","projeto","primitive shadcn","tracked","vistoriado","vistoriado — base shadcn estável","informativa","manter internals gerados; compor extensões fora desta pasta","preserva atualização e consistência do catálogo oficial","dry-run/diff shadcn e testes dos consumidores","components.json; regras shadcn do plano"
"src/components/ui/sidebar.tsx","projeto","primitive shadcn","tracked","vistoriado","vistoriado — base shadcn estável","informativa","manter internals gerados; compor extensões fora desta pasta","preserva atualização e consistência do catálogo oficial","dry-run/diff shadcn e testes dos consumidores","components.json; regras shadcn do plano"
"src/components/ui/skeleton.tsx","projeto","primitive shadcn","tracked","vistoriado","vistoriado — base shadcn estável","informativa","manter internals gerados; compor extensões fora desta pasta","preserva atualização e consistência do catálogo oficial","dry-run/diff shadcn e testes dos consumidores","components.json; regras shadcn do plano"
"src/components/ui/slider.tsx","projeto","primitive shadcn","tracked","vistoriado","vistoriado — base shadcn estável","informativa","manter internals gerados; compor extensões fora desta pasta","preserva atualização e consistência do catálogo oficial","dry-run/diff shadcn e testes dos consumidores","components.json; regras shadcn do plano"
"src/components/ui/sonner.tsx","projeto","primitive shadcn","tracked","vistoriado","vistoriado — base shadcn estável","informativa","manter internals gerados; compor extensões fora desta pasta","preserva atualização e consistência do catálogo oficial","dry-run/diff shadcn e testes dos consumidores","components.json; regras shadcn do plano"
"src/components/ui/spinner.tsx","projeto","primitive shadcn","tracked","vistoriado","vistoriado — base shadcn estável","informativa","manter internals gerados; compor extensões fora desta pasta","preserva atualização e consistência do catálogo oficial","dry-run/diff shadcn e testes dos consumidores","components.json; regras shadcn do plano"
"src/components/ui/switch.tsx","projeto","primitive shadcn","tracked","vistoriado","vistoriado — base shadcn estável","informativa","manter internals gerados; compor extensões fora desta pasta","preserva atualização e consistência do catálogo oficial","dry-run/diff shadcn e testes dos consumidores","components.json; regras shadcn do plano"
"src/components/ui/table.tsx","projeto","primitive shadcn","tracked","vistoriado","vistoriado — base shadcn estável","informativa","manter internals gerados; compor extensões fora desta pasta","preserva atualização e consistência do catálogo oficial","dry-run/diff shadcn e testes dos consumidores","components.json; regras shadcn do plano"
"src/components/ui/tabs.tsx","projeto","primitive shadcn","tracked","vistoriado","vistoriado — base shadcn estável","informativa","manter internals gerados; compor extensões fora desta pasta","preserva atualização e consistência do catálogo oficial","dry-run/diff shadcn e testes dos consumidores","components.json; regras shadcn do plano"
"src/components/ui/textarea.tsx","projeto","primitive shadcn","tracked","vistoriado","vistoriado — base shadcn estável","informativa","manter internals gerados; compor extensões fora desta pasta","preserva atualização e consistência do catálogo oficial","dry-run/diff shadcn e testes dos consumidores","components.json; regras shadcn do plano"
"src/components/ui/toggle-group.tsx","projeto","primitive shadcn","tracked","vistoriado","vistoriado — base shadcn estável","informativa","manter internals gerados; compor extensões fora desta pasta","preserva atualização e consistência do catálogo oficial","dry-run/diff shadcn e testes dos consumidores","components.json; regras shadcn do plano"
"src/components/ui/toggle.tsx","projeto","primitive shadcn","tracked","vistoriado","vistoriado — base shadcn estável","informativa","manter internals gerados; compor extensões fora desta pasta","preserva atualização e consistência do catálogo oficial","dry-run/diff shadcn e testes dos consumidores","components.json; regras shadcn do plano"
"src/components/ui/tooltip.tsx","projeto","primitive shadcn","tracked","vistoriado","vistoriado — base shadcn estável","informativa","manter internals gerados; compor extensões fora desta pasta","preserva atualização e consistência do catálogo oficial","dry-run/diff shadcn e testes dos consumidores","components.json; regras shadcn do plano"
"src/config/README.md","projeto","código de aplicação","tracked","vistoriado","vistoriado — sem achado específico","informativa","manter sob os gates arquiteturais e funcionais aplicáveis","nenhuma inconsistência individual adicional foi confirmada nesta revisão","validação proporcional à categoria e aos consumidores","auditoria forense 2026-07-31"
"src/config/env.ts","projeto","código de aplicação","tracked","vistoriado","vistoriado — sem achado específico","informativa","manter sob os gates arquiteturais e funcionais aplicáveis","nenhuma inconsistência individual adicional foi confirmada nesta revisão","validação proporcional à categoria e aos consumidores","auditoria forense 2026-07-31"
"src/config/index.ts","projeto","código de aplicação","tracked","vistoriado","vistoriado — sem achado específico","informativa","manter sob os gates arquiteturais e funcionais aplicáveis","nenhuma inconsistência individual adicional foi confirmada nesta revisão","validação proporcional à categoria e aos consumidores","auditoria forense 2026-07-31"
"src/features/access-requests/constants/access-requests-copy.ts","projeto","feature","tracked","vistoriado","vistoriado — sem achado específico","informativa","manter sob os gates arquiteturais e funcionais aplicáveis","nenhuma inconsistência individual adicional foi confirmada nesta revisão","validação proporcional à categoria e aos consumidores","auditoria forense 2026-07-31"
"src/features/access-requests/constants/access-requests-persistence.ts","projeto","feature","tracked","vistoriado","vistoriado — sem achado específico","informativa","manter sob os gates arquiteturais e funcionais aplicáveis","nenhuma inconsistência individual adicional foi confirmada nesta revisão","validação proporcional à categoria e aos consumidores","auditoria forense 2026-07-31"
"src/features/access-requests/constants/index.ts","projeto","feature","tracked","vistoriado","vistoriado — sem achado específico","informativa","manter sob os gates arquiteturais e funcionais aplicáveis","nenhuma inconsistência individual adicional foi confirmada nesta revisão","validação proporcional à categoria e aos consumidores","auditoria forense 2026-07-31"
"src/features/access-requests/docs/README.md","projeto","feature","tracked","vistoriado","vistoriado — sem achado específico","informativa","manter sob os gates arquiteturais e funcionais aplicáveis","nenhuma inconsistência individual adicional foi confirmada nesta revisão","validação proporcional à categoria e aos consumidores","auditoria forense 2026-07-31"
"src/features/access-requests/docs/VALIDATION.md","projeto","feature","tracked","vistoriado","vistoriado — sem achado específico","informativa","manter sob os gates arquiteturais e funcionais aplicáveis","nenhuma inconsistência individual adicional foi confirmada nesta revisão","validação proporcional à categoria e aos consumidores","auditoria forense 2026-07-31"
"src/features/access-requests/hooks/index.ts","projeto","feature","tracked","vistoriado","vistoriado — sem achado específico","informativa","manter sob os gates arquiteturais e funcionais aplicáveis","nenhuma inconsistência individual adicional foi confirmada nesta revisão","validação proporcional à categoria e aos consumidores","auditoria forense 2026-07-31"
"src/features/access-requests/hooks/use-access-requests.ts","projeto","feature","tracked","vistoriado","vistoriado — sem achado específico","informativa","manter sob os gates arquiteturais e funcionais aplicáveis","nenhuma inconsistência individual adicional foi confirmada nesta revisão","validação proporcional à categoria e aos consumidores","auditoria forense 2026-07-31"
"src/features/access-requests/index.ts","projeto","feature","tracked","vistoriado","vistoriado — sem achado específico","informativa","manter sob os gates arquiteturais e funcionais aplicáveis","nenhuma inconsistência individual adicional foi confirmada nesta revisão","validação proporcional à categoria e aos consumidores","auditoria forense 2026-07-31"
"src/features/access-requests/model/access-requests-details.ts","projeto","feature","tracked","vistoriado","vistoriado — sem achado específico","informativa","manter sob os gates arquiteturais e funcionais aplicáveis","nenhuma inconsistência individual adicional foi confirmada nesta revisão","validação proporcional à categoria e aos consumidores","auditoria forense 2026-07-31"
"src/features/access-requests/model/access-requests-formatters.ts","projeto","feature","tracked","vistoriado","vistoriado — sem achado específico","informativa","manter sob os gates arquiteturais e funcionais aplicáveis","nenhuma inconsistência individual adicional foi confirmada nesta revisão","validação proporcional à categoria e aos consumidores","auditoria forense 2026-07-31"
"src/features/access-requests/model/access-requests-normalization.ts","projeto","feature","tracked","vistoriado","vistoriado — sem achado específico","informativa","manter sob os gates arquiteturais e funcionais aplicáveis","nenhuma inconsistência individual adicional foi confirmada nesta revisão","validação proporcional à categoria e aos consumidores","auditoria forense 2026-07-31"
"src/features/access-requests/model/access-requests-types.ts","projeto","feature","tracked","vistoriado","vistoriado — sem achado específico","informativa","manter sob os gates arquiteturais e funcionais aplicáveis","nenhuma inconsistência individual adicional foi confirmada nesta revisão","validação proporcional à categoria e aos consumidores","auditoria forense 2026-07-31"
"src/features/access-requests/model/index.ts","projeto","feature","tracked","vistoriado","vistoriado — sem achado específico","informativa","manter sob os gates arquiteturais e funcionais aplicáveis","nenhuma inconsistência individual adicional foi confirmada nesta revisão","validação proporcional à categoria e aos consumidores","auditoria forense 2026-07-31"
"src/features/access-requests/routes/access-requests-redirect-route.tsx","projeto","feature","tracked","vistoriado","vistoriado — sem achado específico","informativa","manter sob os gates arquiteturais e funcionais aplicáveis","nenhuma inconsistência individual adicional foi confirmada nesta revisão","validação proporcional à categoria e aos consumidores","auditoria forense 2026-07-31"
"src/features/access-requests/routes/access-requests-route.tsx","projeto","feature","tracked","vistoriado","vistoriado — sem achado específico","informativa","manter sob os gates arquiteturais e funcionais aplicáveis","nenhuma inconsistência individual adicional foi confirmada nesta revisão","validação proporcional à categoria e aos consumidores","auditoria forense 2026-07-31"
"src/features/access-requests/services/access-requests-service.ts","projeto","feature","tracked","vistoriado","vistoriado — sem achado específico","informativa","manter sob os gates arquiteturais e funcionais aplicáveis","nenhuma inconsistência individual adicional foi confirmada nesta revisão","validação proporcional à categoria e aos consumidores","auditoria forense 2026-07-31"
"src/features/access-requests/services/index.ts","projeto","feature","tracked","vistoriado","vistoriado — sem achado específico","informativa","manter sob os gates arquiteturais e funcionais aplicáveis","nenhuma inconsistência individual adicional foi confirmada nesta revisão","validação proporcional à categoria e aos consumidores","auditoria forense 2026-07-31"
"src/features/access-requests/table/index.ts","projeto","feature","tracked","vistoriado","vistoriado — sem achado específico","informativa","manter sob os gates arquiteturais e funcionais aplicáveis","nenhuma inconsistência individual adicional foi confirmada nesta revisão","validação proporcional à categoria e aos consumidores","auditoria forense 2026-07-31"
"src/features/access-requests/table/recovery-requests-columns.tsx","projeto","feature","tracked","vistoriado","vistoriado — sem achado específico","informativa","manter sob os gates arquiteturais e funcionais aplicáveis","nenhuma inconsistência individual adicional foi confirmada nesta revisão","validação proporcional à categoria e aos consumidores","auditoria forense 2026-07-31"
"src/features/access-requests/table/recovery-requests-filter-options.ts","projeto","feature","tracked","vistoriado","vistoriado — sem achado específico","informativa","manter sob os gates arquiteturais e funcionais aplicáveis","nenhuma inconsistência individual adicional foi confirmada nesta revisão","validação proporcional à categoria e aos consumidores","auditoria forense 2026-07-31"
"src/features/audit/README.md","projeto","feature","??","vistoriado","vistoriado — sem achado específico","informativa","manter sob os gates arquiteturais e funcionais aplicáveis","nenhuma inconsistência individual adicional foi confirmada nesta revisão","validação proporcional à categoria e aos consumidores","auditoria forense 2026-07-31"
"src/features/audit/components/audit-table.tsx","projeto","feature","tracked","vistoriado","vistoriado — sem achado específico","informativa","manter sob os gates arquiteturais e funcionais aplicáveis","nenhuma inconsistência individual adicional foi confirmada nesta revisão","validação proporcional à categoria e aos consumidores","auditoria forense 2026-07-31"
"src/features/audit/constants/audit-copy.ts","projeto","feature","M","vistoriado","vistoriado — sem achado específico","informativa","manter sob os gates arquiteturais e funcionais aplicáveis","nenhuma inconsistência individual adicional foi confirmada nesta revisão","validação proporcional à categoria e aos consumidores","auditoria forense 2026-07-31"
"src/features/audit/constants/audit-labels.ts","projeto","feature","M","vistoriado","vistoriado — sem achado específico","informativa","manter sob os gates arquiteturais e funcionais aplicáveis","nenhuma inconsistência individual adicional foi confirmada nesta revisão","validação proporcional à categoria e aos consumidores","auditoria forense 2026-07-31"
"src/features/audit/constants/audit-persistence.ts","projeto","feature","M","vistoriado","vistoriado — sem achado específico","informativa","manter sob os gates arquiteturais e funcionais aplicáveis","nenhuma inconsistência individual adicional foi confirmada nesta revisão","validação proporcional à categoria e aos consumidores","auditoria forense 2026-07-31"
"src/features/audit/gateways/audit-gateway-contracts.ts","projeto","feature","tracked","vistoriado","vistoriado — sem achado específico","informativa","manter sob os gates arquiteturais e funcionais aplicáveis","nenhuma inconsistência individual adicional foi confirmada nesta revisão","validação proporcional à categoria e aos consumidores","auditoria forense 2026-07-31"
"src/features/audit/gateways/audit-gateway.ts","projeto","feature","tracked","vistoriado","vistoriado — sem achado específico","informativa","manter sob os gates arquiteturais e funcionais aplicáveis","nenhuma inconsistência individual adicional foi confirmada nesta revisão","validação proporcional à categoria e aos consumidores","auditoria forense 2026-07-31"
"src/features/audit/gateways/supabase-audit-gateway.ts","projeto","feature","tracked","vistoriado","vistoriado — sem achado específico","informativa","manter sob os gates arquiteturais e funcionais aplicáveis","nenhuma inconsistência individual adicional foi confirmada nesta revisão","validação proporcional à categoria e aos consumidores","auditoria forense 2026-07-31"
"src/features/audit/hooks/use-audit.ts","projeto","feature","M","vistoriado","vistoriado — sem achado específico","informativa","manter sob os gates arquiteturais e funcionais aplicáveis","nenhuma inconsistência individual adicional foi confirmada nesta revisão","validação proporcional à categoria e aos consumidores","auditoria forense 2026-07-31"
"src/features/audit/model/audit-event-details.ts","projeto","feature","??","vistoriado","vistoriado — sem achado específico","informativa","manter sob os gates arquiteturais e funcionais aplicáveis","nenhuma inconsistência individual adicional foi confirmada nesta revisão","validação proporcional à categoria e aos consumidores","auditoria forense 2026-07-31"
"src/features/audit/model/audit-event-labels.ts","projeto","feature","M","vistoriado","vistoriado — sem achado específico","informativa","manter sob os gates arquiteturais e funcionais aplicáveis","nenhuma inconsistência individual adicional foi confirmada nesta revisão","validação proporcional à categoria e aos consumidores","auditoria forense 2026-07-31"
"src/features/audit/model/audit-models.ts","projeto","feature","??","vistoriado","vistoriado — sem achado específico","informativa","manter sob os gates arquiteturais e funcionais aplicáveis","nenhuma inconsistência individual adicional foi confirmada nesta revisão","validação proporcional à categoria e aos consumidores","auditoria forense 2026-07-31"
"src/features/audit/model/audit-outcome.ts","projeto","feature","M","vistoriado","vistoriado — sem achado específico","informativa","manter sob os gates arquiteturais e funcionais aplicáveis","nenhuma inconsistência individual adicional foi confirmada nesta revisão","validação proporcional à categoria e aos consumidores","auditoria forense 2026-07-31"
"src/features/audit/model/audit-presentation.ts","projeto","feature","??","vistoriado","vistoriado — sem achado específico","informativa","manter sob os gates arquiteturais e funcionais aplicáveis","nenhuma inconsistência individual adicional foi confirmada nesta revisão","validação proporcional à categoria e aos consumidores","auditoria forense 2026-07-31"
"src/features/audit/model/audit-types.ts","projeto","feature","M","vistoriado","vistoriado — sem achado específico","informativa","manter sob os gates arquiteturais e funcionais aplicáveis","nenhuma inconsistência individual adicional foi confirmada nesta revisão","validação proporcional à categoria e aos consumidores","auditoria forense 2026-07-31"
"src/features/audit/routes/audit-route.tsx","projeto","feature","M","vistoriado","vistoriado — sem achado específico","informativa","manter sob os gates arquiteturais e funcionais aplicáveis","nenhuma inconsistência individual adicional foi confirmada nesta revisão","validação proporcional à categoria e aos consumidores","auditoria forense 2026-07-31"
"src/features/audit/schemas/audit-gateway-schema.ts","projeto","feature","tracked","vistoriado","vistoriado — sem achado específico","informativa","manter sob os gates arquiteturais e funcionais aplicáveis","nenhuma inconsistência individual adicional foi confirmada nesta revisão","validação proporcional à categoria e aos consumidores","auditoria forense 2026-07-31"
"src/features/audit/services/audit-service.ts","projeto","feature","M","vistoriado","vistoriado — sem achado específico","informativa","manter sob os gates arquiteturais e funcionais aplicáveis","nenhuma inconsistência individual adicional foi confirmada nesta revisão","validação proporcional à categoria e aos consumidores","auditoria forense 2026-07-31"
"src/features/audit/table/audit-columns.tsx","projeto","feature","M","vistoriado","vistoriado — sem achado específico","informativa","manter sob os gates arquiteturais e funcionais aplicáveis","nenhuma inconsistência individual adicional foi confirmada nesta revisão","validação proporcional à categoria e aos consumidores","auditoria forense 2026-07-31"
"src/features/audit/table/audit-filter-options.ts","projeto","feature","M","vistoriado","vistoriado — sem achado específico","informativa","manter sob os gates arquiteturais e funcionais aplicáveis","nenhuma inconsistência individual adicional foi confirmada nesta revisão","validação proporcional à categoria e aos consumidores","auditoria forense 2026-07-31"
"src/features/auth/api/auth-api-error.ts","projeto","feature","tracked","vistoriado","vistoriado — sem achado específico","informativa","manter sob os gates arquiteturais e funcionais aplicáveis","nenhuma inconsistência individual adicional foi confirmada nesta revisão","validação proporcional à categoria e aos consumidores","auditoria forense 2026-07-31"
"src/features/auth/api/auth-api-helpers.ts","projeto","feature","tracked","vistoriado","vistoriado — sem achado específico","informativa","manter sob os gates arquiteturais e funcionais aplicáveis","nenhuma inconsistência individual adicional foi confirmada nesta revisão","validação proporcional à categoria e aos consumidores","auditoria forense 2026-07-31"
"src/features/auth/api/auth-api.ts","projeto","feature","tracked","vistoriado","vistoriado — sem achado específico","informativa","manter sob os gates arquiteturais e funcionais aplicáveis","nenhuma inconsistência individual adicional foi confirmada nesta revisão","validação proporcional à categoria e aos consumidores","auditoria forense 2026-07-31"
"src/features/auth/api/auth-passkey-api.ts","projeto","feature","tracked","vistoriado","vistoriado — sem achado específico","informativa","manter sob os gates arquiteturais e funcionais aplicáveis","nenhuma inconsistência individual adicional foi confirmada nesta revisão","validação proporcional à categoria e aos consumidores","auditoria forense 2026-07-31"
"src/features/auth/api/auth-password-api.ts","projeto","feature","tracked","vistoriado","vistoriado — sem achado específico","informativa","manter sob os gates arquiteturais e funcionais aplicáveis","nenhuma inconsistência individual adicional foi confirmada nesta revisão","validação proporcional à categoria e aos consumidores","auditoria forense 2026-07-31"
"src/features/auth/api/auth-profile-api.ts","projeto","feature","tracked","vistoriado","vistoriado — sem achado específico","informativa","manter sob os gates arquiteturais e funcionais aplicáveis","nenhuma inconsistência individual adicional foi confirmada nesta revisão","validação proporcional à categoria e aos consumidores","auditoria forense 2026-07-31"
"src/features/auth/api/auth-recovery-api.ts","projeto","feature","tracked","vistoriado","vistoriado — sem achado específico","informativa","manter sob os gates arquiteturais e funcionais aplicáveis","nenhuma inconsistência individual adicional foi confirmada nesta revisão","validação proporcional à categoria e aos consumidores","auditoria forense 2026-07-31"
"src/features/auth/api/auth-session-api.ts","projeto","feature","tracked","vistoriado","vistoriado — sem achado específico","informativa","manter sob os gates arquiteturais e funcionais aplicáveis","nenhuma inconsistência individual adicional foi confirmada nesta revisão","validação proporcional à categoria e aos consumidores","auditoria forense 2026-07-31"
"src/features/auth/api/index.ts","projeto","feature","tracked","vistoriado","vistoriado — sem achado específico","informativa","manter sob os gates arquiteturais e funcionais aplicáveis","nenhuma inconsistência individual adicional foi confirmada nesta revisão","validação proporcional à categoria e aos consumidores","auditoria forense 2026-07-31"
"src/features/auth/authorization/authorization-policy.ts","projeto","feature","tracked","vistoriado","vistoriado — sem achado específico","informativa","manter sob os gates arquiteturais e funcionais aplicáveis","nenhuma inconsistência individual adicional foi confirmada nesta revisão","validação proporcional à categoria e aos consumidores","auditoria forense 2026-07-31"
"src/features/auth/authorization/index.ts","projeto","feature","tracked","vistoriado","vistoriado — sem achado específico","informativa","manter sob os gates arquiteturais e funcionais aplicáveis","nenhuma inconsistência individual adicional foi confirmada nesta revisão","validação proporcional à categoria e aos consumidores","auditoria forense 2026-07-31"
"src/features/auth/components/auth-page-card.tsx","projeto","feature","tracked","vistoriado","vistoriado — sem achado específico","informativa","manter sob os gates arquiteturais e funcionais aplicáveis","nenhuma inconsistência individual adicional foi confirmada nesta revisão","validação proporcional à categoria e aos consumidores","auditoria forense 2026-07-31"
"src/features/auth/components/index.ts","projeto","feature","tracked","vistoriado","vistoriado — sem achado específico","informativa","manter sob os gates arquiteturais e funcionais aplicáveis","nenhuma inconsistência individual adicional foi confirmada nesta revisão","validação proporcional à categoria e aos consumidores","auditoria forense 2026-07-31"
"src/features/auth/constants/auth-copy.ts","projeto","feature","tracked","vistoriado","vistoriado — sem achado específico","informativa","manter sob os gates arquiteturais e funcionais aplicáveis","nenhuma inconsistência individual adicional foi confirmada nesta revisão","validação proporcional à categoria e aos consumidores","auditoria forense 2026-07-31"
"src/features/auth/constants/index.ts","projeto","feature","tracked","vistoriado","vistoriado — sem achado específico","informativa","manter sob os gates arquiteturais e funcionais aplicáveis","nenhuma inconsistência individual adicional foi confirmada nesta revisão","validação proporcional à categoria e aos consumidores","auditoria forense 2026-07-31"
"src/features/auth/context/auth-context.tsx","projeto","feature","tracked","vistoriado","vistoriado — sem achado específico","informativa","manter sob os gates arquiteturais e funcionais aplicáveis","nenhuma inconsistência individual adicional foi confirmada nesta revisão","validação proporcional à categoria e aos consumidores","auditoria forense 2026-07-31"
"src/features/auth/context/auth-inactivity-storage.ts","projeto","feature","tracked","vistoriado","vistoriado — sem achado específico","informativa","manter sob os gates arquiteturais e funcionais aplicáveis","nenhuma inconsistência individual adicional foi confirmada nesta revisão","validação proporcional à categoria e aos consumidores","auditoria forense 2026-07-31"
"src/features/auth/context/auth-inactivity.ts","projeto","feature","tracked","vistoriado","vistoriado — sem achado específico","informativa","manter sob os gates arquiteturais e funcionais aplicáveis","nenhuma inconsistência individual adicional foi confirmada nesta revisão","validação proporcional à categoria e aos consumidores","auditoria forense 2026-07-31"
"src/features/auth/context/auth-provider.tsx","projeto","feature","tracked","vistoriado","vistoriado — sem achado específico","informativa","manter sob os gates arquiteturais e funcionais aplicáveis","nenhuma inconsistência individual adicional foi confirmada nesta revisão","validação proporcional à categoria e aos consumidores","auditoria forense 2026-07-31"
"src/features/auth/context/create-auth-access-state.ts","projeto","feature","tracked","vistoriado","vistoriado — sem achado específico","informativa","manter sob os gates arquiteturais e funcionais aplicáveis","nenhuma inconsistência individual adicional foi confirmada nesta revisão","validação proporcional à categoria e aos consumidores","auditoria forense 2026-07-31"
"src/features/auth/context/index.ts","projeto","feature","tracked","vistoriado","vistoriado — sem achado específico","informativa","manter sob os gates arquiteturais e funcionais aplicáveis","nenhuma inconsistência individual adicional foi confirmada nesta revisão","validação proporcional à categoria e aos consumidores","auditoria forense 2026-07-31"
"src/features/auth/contracts/auth-contracts.ts","projeto","feature","tracked","vistoriado","vistoriado — sem achado específico","informativa","manter sob os gates arquiteturais e funcionais aplicáveis","nenhuma inconsistência individual adicional foi confirmada nesta revisão","validação proporcional à categoria e aos consumidores","auditoria forense 2026-07-31"
"src/features/auth/contracts/index.ts","projeto","feature","tracked","vistoriado","vistoriado — sem achado específico","informativa","manter sob os gates arquiteturais e funcionais aplicáveis","nenhuma inconsistência individual adicional foi confirmada nesta revisão","validação proporcional à categoria e aos consumidores","auditoria forense 2026-07-31"
"src/features/auth/docs/README.md","projeto","feature","tracked","vistoriado","vistoriado — sem achado específico","informativa","manter sob os gates arquiteturais e funcionais aplicáveis","nenhuma inconsistência individual adicional foi confirmada nesta revisão","validação proporcional à categoria e aos consumidores","auditoria forense 2026-07-31"
"src/features/auth/docs/VALIDATION.md","projeto","feature","tracked","vistoriado","vistoriado — sem achado específico","informativa","manter sob os gates arquiteturais e funcionais aplicáveis","nenhuma inconsistência individual adicional foi confirmada nesta revisão","validação proporcional à categoria e aos consumidores","auditoria forense 2026-07-31"
"src/features/auth/hooks/index.ts","projeto","feature","tracked","vistoriado","vistoriado — sem achado específico","informativa","manter sob os gates arquiteturais e funcionais aplicáveis","nenhuma inconsistência individual adicional foi confirmada nesta revisão","validação proporcional à categoria e aos consumidores","auditoria forense 2026-07-31"
"src/features/auth/index.ts","projeto","feature","tracked","vistoriado","vistoriado — sem achado específico","informativa","manter sob os gates arquiteturais e funcionais aplicáveis","nenhuma inconsistência individual adicional foi confirmada nesta revisão","validação proporcional à categoria e aos consumidores","auditoria forense 2026-07-31"
"src/features/auth/routes/auth-login-route.tsx","projeto","feature","tracked","vistoriado","vistoriado — sem achado específico","informativa","manter sob os gates arquiteturais e funcionais aplicáveis","nenhuma inconsistência individual adicional foi confirmada nesta revisão","validação proporcional à categoria e aos consumidores","auditoria forense 2026-07-31"
"src/features/auth/routes/auth-recovery-route.tsx","projeto","feature","tracked","vistoriado","vistoriado — sem achado específico","informativa","manter sob os gates arquiteturais e funcionais aplicáveis","nenhuma inconsistência individual adicional foi confirmada nesta revisão","validação proporcional à categoria e aos consumidores","auditoria forense 2026-07-31"
"src/features/auth/types/auth-types.ts","projeto","feature","tracked","vistoriado","vistoriado — sem achado específico","informativa","manter sob os gates arquiteturais e funcionais aplicáveis","nenhuma inconsistência individual adicional foi confirmada nesta revisão","validação proporcional à categoria e aos consumidores","auditoria forense 2026-07-31"
"src/features/auth/types/index.ts","projeto","feature","tracked","vistoriado","vistoriado — sem achado específico","informativa","manter sob os gates arquiteturais e funcionais aplicáveis","nenhuma inconsistência individual adicional foi confirmada nesta revisão","validação proporcional à categoria e aos consumidores","auditoria forense 2026-07-31"
"src/features/auth/validation/auth-validation.ts","projeto","feature","tracked","vistoriado","vistoriado — sem achado específico","informativa","manter sob os gates arquiteturais e funcionais aplicáveis","nenhuma inconsistência individual adicional foi confirmada nesta revisão","validação proporcional à categoria e aos consumidores","auditoria forense 2026-07-31"
"src/features/auth/validation/index.ts","projeto","feature","tracked","vistoriado","vistoriado — sem achado específico","informativa","manter sob os gates arquiteturais e funcionais aplicáveis","nenhuma inconsistência individual adicional foi confirmada nesta revisão","validação proporcional à categoria e aos consumidores","auditoria forense 2026-07-31"
"src/features/clients/constants/clients-copy.ts","projeto","feature","tracked","vistoriado","vistoriado — sem achado específico","informativa","manter sob os gates arquiteturais e funcionais aplicáveis","nenhuma inconsistência individual adicional foi confirmada nesta revisão","validação proporcional à categoria e aos consumidores","auditoria forense 2026-07-31"
"src/features/clients/constants/clients-persistence.ts","projeto","feature","tracked","vistoriado","vistoriado — sem achado específico","informativa","manter sob os gates arquiteturais e funcionais aplicáveis","nenhuma inconsistência individual adicional foi confirmada nesta revisão","validação proporcional à categoria e aos consumidores","auditoria forense 2026-07-31"
"src/features/clients/constants/clients-routes.ts","projeto","feature","tracked","vistoriado","vistoriado — sem achado específico","informativa","manter sob os gates arquiteturais e funcionais aplicáveis","nenhuma inconsistência individual adicional foi confirmada nesta revisão","validação proporcional à categoria e aos consumidores","auditoria forense 2026-07-31"
"src/features/clients/constants/clients-sync.ts","projeto","feature","tracked","vistoriado","vistoriado — sem achado específico","informativa","manter sob os gates arquiteturais e funcionais aplicáveis","nenhuma inconsistência individual adicional foi confirmada nesta revisão","validação proporcional à categoria e aos consumidores","auditoria forense 2026-07-31"
"src/features/clients/constants/clients-ui.ts","projeto","feature","tracked","vistoriado","vistoriado — sem achado específico","informativa","manter sob os gates arquiteturais e funcionais aplicáveis","nenhuma inconsistência individual adicional foi confirmada nesta revisão","validação proporcional à categoria e aos consumidores","auditoria forense 2026-07-31"
"src/features/clients/constants/index.ts","projeto","feature","tracked","vistoriado","vistoriado — sem achado específico","informativa","manter sob os gates arquiteturais e funcionais aplicáveis","nenhuma inconsistência individual adicional foi confirmada nesta revisão","validação proporcional à categoria e aos consumidores","auditoria forense 2026-07-31"
"src/features/clients/docs/FORENSIC_UNITS_COMPARISON.md","projeto","feature","tracked","vistoriado","vistoriado — sem achado específico","informativa","manter sob os gates arquiteturais e funcionais aplicáveis","nenhuma inconsistência individual adicional foi confirmada nesta revisão","validação proporcional à categoria e aos consumidores","auditoria forense 2026-07-31"
"src/features/clients/docs/README.md","projeto","feature","tracked","vistoriado","vistoriado — sem achado específico","informativa","manter sob os gates arquiteturais e funcionais aplicáveis","nenhuma inconsistência individual adicional foi confirmada nesta revisão","validação proporcional à categoria e aos consumidores","auditoria forense 2026-07-31"
"src/features/clients/docs/VALIDATION.md","projeto","feature","tracked","vistoriado","vistoriado — sem achado específico","informativa","manter sob os gates arquiteturais e funcionais aplicáveis","nenhuma inconsistência individual adicional foi confirmada nesta revisão","validação proporcional à categoria e aos consumidores","auditoria forense 2026-07-31"
"src/features/clients/hooks/use-client-vehicles-table-filters.ts","projeto","feature","tracked","vistoriado","vistoriado — sem achado específico","informativa","manter sob os gates arquiteturais e funcionais aplicáveis","nenhuma inconsistência individual adicional foi confirmada nesta revisão","validação proporcional à categoria e aos consumidores","auditoria forense 2026-07-31"
"src/features/clients/hooks/use-client-vehicles.ts","projeto","feature","tracked","vistoriado","vistoriado — sem achado específico","informativa","manter sob os gates arquiteturais e funcionais aplicáveis","nenhuma inconsistência individual adicional foi confirmada nesta revisão","validação proporcional à categoria e aos consumidores","auditoria forense 2026-07-31"
"src/features/clients/hooks/use-client-vip-rules.ts","projeto","feature","tracked","vistoriado","vistoriado — sem achado específico","informativa","manter sob os gates arquiteturais e funcionais aplicáveis","nenhuma inconsistência individual adicional foi confirmada nesta revisão","validação proporcional à categoria e aos consumidores","auditoria forense 2026-07-31"
"src/features/clients/hooks/use-client.ts","projeto","feature","tracked","vistoriado","vistoriado — sem achado específico","informativa","manter sob os gates arquiteturais e funcionais aplicáveis","nenhuma inconsistência individual adicional foi confirmada nesta revisão","validação proporcional à categoria e aos consumidores","auditoria forense 2026-07-31"
"src/features/clients/hooks/use-clients-table-filters.ts","projeto","feature","tracked","vistoriado","vistoriado — sem achado específico","informativa","manter sob os gates arquiteturais e funcionais aplicáveis","nenhuma inconsistência individual adicional foi confirmada nesta revisão","validação proporcional à categoria e aos consumidores","auditoria forense 2026-07-31"
"src/features/clients/hooks/use-clients.ts","projeto","feature","tracked","vistoriado","vistoriado — sem achado específico","informativa","manter sob os gates arquiteturais e funcionais aplicáveis","nenhuma inconsistência individual adicional foi confirmada nesta revisão","validação proporcional à categoria e aos consumidores","auditoria forense 2026-07-31"
"src/features/clients/index.ts","projeto","feature","tracked","vistoriado","vistoriado — sem achado específico","informativa","manter sob os gates arquiteturais e funcionais aplicáveis","nenhuma inconsistência individual adicional foi confirmada nesta revisão","validação proporcional à categoria e aos consumidores","auditoria forense 2026-07-31"
"src/features/clients/model/client-vip-rules.ts","projeto","feature","tracked","vistoriado","vistoriado — sem achado específico","informativa","manter sob os gates arquiteturais e funcionais aplicáveis","nenhuma inconsistência individual adicional foi confirmada nesta revisão","validação proporcional à categoria e aos consumidores","auditoria forense 2026-07-31"
"src/features/clients/model/clients-details-model.ts","projeto","feature","tracked","vistoriado","vistoriado — sem achado específico","informativa","manter sob os gates arquiteturais e funcionais aplicáveis","nenhuma inconsistência individual adicional foi confirmada nesta revisão","validação proporcional à categoria e aos consumidores","auditoria forense 2026-07-31"
"src/features/clients/model/clients-formatters.ts","projeto","feature","tracked","vistoriado","vistoriado — sem achado específico","informativa","manter sob os gates arquiteturais e funcionais aplicáveis","nenhuma inconsistência individual adicional foi confirmada nesta revisão","validação proporcional à categoria e aos consumidores","auditoria forense 2026-07-31"
"src/features/clients/model/clients-normalizers.ts","projeto","feature","tracked","vistoriado","vistoriado — sem achado específico","informativa","manter sob os gates arquiteturais e funcionais aplicáveis","nenhuma inconsistência individual adicional foi confirmada nesta revisão","validação proporcional à categoria e aos consumidores","auditoria forense 2026-07-31"
"src/features/clients/model/clients-parsers.ts","projeto","feature","tracked","vistoriado","vistoriado — sem achado específico","informativa","manter sob os gates arquiteturais e funcionais aplicáveis","nenhuma inconsistência individual adicional foi confirmada nesta revisão","validação proporcional à categoria e aos consumidores","auditoria forense 2026-07-31"
"src/features/clients/model/clients-table-mappers.ts","projeto","feature","tracked","vistoriado","vistoriado — sem achado específico","informativa","manter sob os gates arquiteturais e funcionais aplicáveis","nenhuma inconsistência individual adicional foi confirmada nesta revisão","validação proporcional à categoria e aos consumidores","auditoria forense 2026-07-31"
"src/features/clients/model/clients-types.ts","projeto","feature","tracked","vistoriado","vistoriado — sem achado específico","informativa","manter sob os gates arquiteturais e funcionais aplicáveis","nenhuma inconsistência individual adicional foi confirmada nesta revisão","validação proporcional à categoria e aos consumidores","auditoria forense 2026-07-31"
"src/features/clients/model/index.ts","projeto","feature","tracked","vistoriado","vistoriado — sem achado específico","informativa","manter sob os gates arquiteturais e funcionais aplicáveis","nenhuma inconsistência individual adicional foi confirmada nesta revisão","validação proporcional à categoria e aos consumidores","auditoria forense 2026-07-31"
"src/features/clients/routes/client-vehicles-route.tsx","projeto","feature","tracked","vistoriado","vistoriado — sem achado específico","informativa","manter sob os gates arquiteturais e funcionais aplicáveis","nenhuma inconsistência individual adicional foi confirmada nesta revisão","validação proporcional à categoria e aos consumidores","auditoria forense 2026-07-31"
"src/features/clients/routes/clients-route.tsx","projeto","feature","tracked","vistoriado","vistoriado — sem achado específico","informativa","manter sob os gates arquiteturais e funcionais aplicáveis","nenhuma inconsistência individual adicional foi confirmada nesta revisão","validação proporcional à categoria e aos consumidores","auditoria forense 2026-07-31"
"src/features/clients/services/client-sync-service.ts","projeto","feature","tracked","vistoriado","vistoriado — sem achado específico","informativa","manter sob os gates arquiteturais e funcionais aplicáveis","nenhuma inconsistência individual adicional foi confirmada nesta revisão","validação proporcional à categoria e aos consumidores","auditoria forense 2026-07-31"
"src/features/clients/services/client-vip-rules-service.ts","projeto","feature","tracked","vistoriado","vistoriado — sem achado específico","informativa","manter sob os gates arquiteturais e funcionais aplicáveis","nenhuma inconsistência individual adicional foi confirmada nesta revisão","validação proporcional à categoria e aos consumidores","auditoria forense 2026-07-31"
"src/features/clients/services/clients-gateway.ts","projeto","feature","tracked","vistoriado","vistoriado — sem achado específico","informativa","manter sob os gates arquiteturais e funcionais aplicáveis","nenhuma inconsistência individual adicional foi confirmada nesta revisão","validação proporcional à categoria e aos consumidores","auditoria forense 2026-07-31"
"src/features/clients/services/clients-service.ts","projeto","feature","tracked","vistoriado","vistoriado — sem achado específico","informativa","manter sob os gates arquiteturais e funcionais aplicáveis","nenhuma inconsistência individual adicional foi confirmada nesta revisão","validação proporcional à categoria e aos consumidores","auditoria forense 2026-07-31"
"src/features/clients/services/index.ts","projeto","feature","tracked","vistoriado","vistoriado — sem achado específico","informativa","manter sob os gates arquiteturais e funcionais aplicáveis","nenhuma inconsistência individual adicional foi confirmada nesta revisão","validação proporcional à categoria e aos consumidores","auditoria forense 2026-07-31"
"src/features/clients/table/client-vehicles-columns.tsx","projeto","feature","tracked","vistoriado","vistoriado — sem achado específico","informativa","manter sob os gates arquiteturais e funcionais aplicáveis","nenhuma inconsistência individual adicional foi confirmada nesta revisão","validação proporcional à categoria e aos consumidores","auditoria forense 2026-07-31"
"src/features/clients/table/clients-columns.tsx","projeto","feature","tracked","vistoriado","vistoriado — sem achado específico","informativa","manter sob os gates arquiteturais e funcionais aplicáveis","nenhuma inconsistência individual adicional foi confirmada nesta revisão","validação proporcional à categoria e aos consumidores","auditoria forense 2026-07-31"
"src/features/clients/table/index.ts","projeto","feature","tracked","vistoriado","vistoriado — sem achado específico","informativa","manter sob os gates arquiteturais e funcionais aplicáveis","nenhuma inconsistência individual adicional foi confirmada nesta revisão","validação proporcional à categoria e aos consumidores","auditoria forense 2026-07-31"
"src/features/dashboard/components/dashboard-bento-grid.tsx","projeto","feature","tracked","vistoriado","capacidade sem contrato produtivo real","alta","manter fora do registro e da navegação de produção","impede que preview ou placeholder seja apresentado como operação real","teste do registro de rotas e inspeção do bundle produtivo","plano §2 Rotas sem capacidade produtiva"
"src/features/dashboard/components/index.ts","projeto","feature","tracked","vistoriado","capacidade sem contrato produtivo real","alta","manter fora do registro e da navegação de produção","impede que preview ou placeholder seja apresentado como operação real","teste do registro de rotas e inspeção do bundle produtivo","plano §2 Rotas sem capacidade produtiva"
"src/features/dashboard/constants/dashboard-copy.ts","projeto","feature","tracked","vistoriado","capacidade sem contrato produtivo real","alta","manter fora do registro e da navegação de produção","impede que preview ou placeholder seja apresentado como operação real","teste do registro de rotas e inspeção do bundle produtivo","plano §2 Rotas sem capacidade produtiva"
"src/features/dashboard/docs/README.md","projeto","feature","tracked","vistoriado","capacidade sem contrato produtivo real","alta","manter fora do registro e da navegação de produção","impede que preview ou placeholder seja apresentado como operação real","teste do registro de rotas e inspeção do bundle produtivo","plano §2 Rotas sem capacidade produtiva"
"src/features/dashboard/docs/VALIDATION.md","projeto","feature","tracked","vistoriado","capacidade sem contrato produtivo real","alta","manter fora do registro e da navegação de produção","impede que preview ou placeholder seja apresentado como operação real","teste do registro de rotas e inspeção do bundle produtivo","plano §2 Rotas sem capacidade produtiva"
"src/features/dashboard/hooks/use-dashboard-snapshot.ts","projeto","feature","tracked","vistoriado","capacidade sem contrato produtivo real","alta","manter fora do registro e da navegação de produção","impede que preview ou placeholder seja apresentado como operação real","teste do registro de rotas e inspeção do bundle produtivo","plano §2 Rotas sem capacidade produtiva"
"src/features/dashboard/model/dashboard-analytics.ts","projeto","feature","tracked","vistoriado","capacidade sem contrato produtivo real","alta","manter fora do registro e da navegação de produção","impede que preview ou placeholder seja apresentado como operação real","teste do registro de rotas e inspeção do bundle produtivo","plano §2 Rotas sem capacidade produtiva"
"src/features/dashboard/model/dashboard-details.ts","projeto","feature","tracked","vistoriado","capacidade sem contrato produtivo real","alta","manter fora do registro e da navegação de produção","impede que preview ou placeholder seja apresentado como operação real","teste do registro de rotas e inspeção do bundle produtivo","plano §2 Rotas sem capacidade produtiva"
"src/features/dashboard/model/dashboard-mock-data.ts","projeto","feature","tracked","vistoriado","capacidade sem contrato produtivo real","alta","manter fora do registro e da navegação de produção","impede que preview ou placeholder seja apresentado como operação real","teste do registro de rotas e inspeção do bundle produtivo","plano §2 Rotas sem capacidade produtiva"
"src/features/dashboard/model/dashboard-types.ts","projeto","feature","tracked","vistoriado","capacidade sem contrato produtivo real","alta","manter fora do registro e da navegação de produção","impede que preview ou placeholder seja apresentado como operação real","teste do registro de rotas e inspeção do bundle produtivo","plano §2 Rotas sem capacidade produtiva"
"src/features/dashboard/routes/dashboard-route.tsx","projeto","feature","tracked","vistoriado","capacidade sem contrato produtivo real","alta","manter fora do registro e da navegação de produção","impede que preview ou placeholder seja apresentado como operação real","teste do registro de rotas e inspeção do bundle produtivo","plano §2 Rotas sem capacidade produtiva"
"src/features/dashboard/services/dashboard-service.ts","projeto","feature","tracked","vistoriado","capacidade sem contrato produtivo real","alta","manter fora do registro e da navegação de produção","impede que preview ou placeholder seja apresentado como operação real","teste do registro de rotas e inspeção do bundle produtivo","plano §2 Rotas sem capacidade produtiva"
"src/features/dashboard/table/dashboard-alerts-columns.tsx","projeto","feature","tracked","vistoriado","capacidade sem contrato produtivo real","alta","manter fora do registro e da navegação de produção","impede que preview ou placeholder seja apresentado como operação real","teste do registro de rotas e inspeção do bundle produtivo","plano §2 Rotas sem capacidade produtiva"
"src/features/dashboard/table/dashboard-billing-columns.tsx","projeto","feature","tracked","vistoriado","capacidade sem contrato produtivo real","alta","manter fora do registro e da navegação de produção","impede que preview ou placeholder seja apresentado como operação real","teste do registro de rotas e inspeção do bundle produtivo","plano §2 Rotas sem capacidade produtiva"
"src/features/dashboard/table/dashboard-movements-columns.tsx","projeto","feature","tracked","vistoriado","capacidade sem contrato produtivo real","alta","manter fora do registro e da navegação de produção","impede que preview ou placeholder seja apresentado como operação real","teste do registro de rotas e inspeção do bundle produtivo","plano §2 Rotas sem capacidade produtiva"
"src/features/dashboard/table/index.ts","projeto","feature","tracked","vistoriado","capacidade sem contrato produtivo real","alta","manter fora do registro e da navegação de produção","impede que preview ou placeholder seja apresentado como operação real","teste do registro de rotas e inspeção do bundle produtivo","plano §2 Rotas sem capacidade produtiva"
"src/features/my-profile/components/index.ts","projeto","feature","tracked","vistoriado","vistoriado — sem achado específico","informativa","manter sob os gates arquiteturais e funcionais aplicáveis","nenhuma inconsistência individual adicional foi confirmada nesta revisão","validação proporcional à categoria e aos consumidores","auditoria forense 2026-07-31"
"src/features/my-profile/components/profile-form-card.tsx","projeto","feature","tracked","vistoriado","vistoriado — sem achado específico","informativa","manter sob os gates arquiteturais e funcionais aplicáveis","nenhuma inconsistência individual adicional foi confirmada nesta revisão","validação proporcional à categoria e aos consumidores","auditoria forense 2026-07-31"
"src/features/my-profile/components/profile-photo-dialog.tsx","projeto","feature","tracked","vistoriado","vistoriado — sem achado específico","informativa","manter sob os gates arquiteturais e funcionais aplicáveis","nenhuma inconsistência individual adicional foi confirmada nesta revisão","validação proporcional à categoria e aos consumidores","auditoria forense 2026-07-31"
"src/features/my-profile/docs/README.md","projeto","feature","tracked","vistoriado","vistoriado — sem achado específico","informativa","manter sob os gates arquiteturais e funcionais aplicáveis","nenhuma inconsistência individual adicional foi confirmada nesta revisão","validação proporcional à categoria e aos consumidores","auditoria forense 2026-07-31"
"src/features/my-profile/docs/VALIDATION.md","projeto","feature","tracked","vistoriado","vistoriado — sem achado específico","informativa","manter sob os gates arquiteturais e funcionais aplicáveis","nenhuma inconsistência individual adicional foi confirmada nesta revisão","validação proporcional à categoria e aos consumidores","auditoria forense 2026-07-31"
"src/features/my-profile/hooks/use-my-profile.ts","projeto","feature","tracked","vistoriado","vistoriado — sem achado específico","informativa","manter sob os gates arquiteturais e funcionais aplicáveis","nenhuma inconsistência individual adicional foi confirmada nesta revisão","validação proporcional à categoria e aos consumidores","auditoria forense 2026-07-31"
"src/features/my-profile/index.ts","projeto","feature","tracked","vistoriado","vistoriado — sem achado específico","informativa","manter sob os gates arquiteturais e funcionais aplicáveis","nenhuma inconsistência individual adicional foi confirmada nesta revisão","validação proporcional à categoria e aos consumidores","auditoria forense 2026-07-31"
"src/features/my-profile/my-profile-copy.ts","projeto","feature","tracked","vistoriado","vistoriado — sem achado específico","informativa","manter sob os gates arquiteturais e funcionais aplicáveis","nenhuma inconsistência individual adicional foi confirmada nesta revisão","validação proporcional à categoria e aos consumidores","auditoria forense 2026-07-31"
"src/features/my-profile/routes/my-profile-route.tsx","projeto","feature","tracked","vistoriado","vistoriado — sem achado específico","informativa","manter sob os gates arquiteturais e funcionais aplicáveis","nenhuma inconsistência individual adicional foi confirmada nesta revisão","validação proporcional à categoria e aos consumidores","auditoria forense 2026-07-31"
"src/features/my-profile/services/index.ts","projeto","feature","tracked","vistoriado","vistoriado — sem achado específico","informativa","manter sob os gates arquiteturais e funcionais aplicáveis","nenhuma inconsistência individual adicional foi confirmada nesta revisão","validação proporcional à categoria e aos consumidores","auditoria forense 2026-07-31"
"src/features/my-profile/services/profile-service.ts","projeto","feature","tracked","vistoriado","vistoriado — sem achado específico","informativa","manter sob os gates arquiteturais e funcionais aplicáveis","nenhuma inconsistência individual adicional foi confirmada nesta revisão","validação proporcional à categoria e aos consumidores","auditoria forense 2026-07-31"
"src/features/my-profile/types/profile-types.ts","projeto","feature","tracked","vistoriado","vistoriado — sem achado específico","informativa","manter sob os gates arquiteturais e funcionais aplicáveis","nenhuma inconsistência individual adicional foi confirmada nesta revisão","validação proporcional à categoria e aos consumidores","auditoria forense 2026-07-31"
"src/features/my-profile/utils/profile-models.ts","projeto","feature","tracked","vistoriado","vistoriado — sem achado específico","informativa","manter sob os gates arquiteturais e funcionais aplicáveis","nenhuma inconsistência individual adicional foi confirmada nesta revisão","validação proporcional à categoria e aos consumidores","auditoria forense 2026-07-31"
"src/features/notifications/components/notification-type-icon.tsx","projeto","feature","tracked","vistoriado","vistoriado — sem achado específico","informativa","manter sob os gates arquiteturais e funcionais aplicáveis","nenhuma inconsistência individual adicional foi confirmada nesta revisão","validação proporcional à categoria e aos consumidores","auditoria forense 2026-07-31"
"src/features/notifications/components/notifications-empty-state.tsx","projeto","feature","tracked","vistoriado","vistoriado — sem achado específico","informativa","manter sob os gates arquiteturais e funcionais aplicáveis","nenhuma inconsistência individual adicional foi confirmada nesta revisão","validação proporcional à categoria e aos consumidores","auditoria forense 2026-07-31"
"src/features/notifications/constants/index.ts","projeto","feature","tracked","vistoriado","vistoriado — sem achado específico","informativa","manter sob os gates arquiteturais e funcionais aplicáveis","nenhuma inconsistência individual adicional foi confirmada nesta revisão","validação proporcional à categoria e aos consumidores","auditoria forense 2026-07-31"
"src/features/notifications/constants/notifications-constants.ts","projeto","feature","tracked","vistoriado","vistoriado — sem achado específico","informativa","manter sob os gates arquiteturais e funcionais aplicáveis","nenhuma inconsistência individual adicional foi confirmada nesta revisão","validação proporcional à categoria e aos consumidores","auditoria forense 2026-07-31"
"src/features/notifications/constants/notifications-copy.ts","projeto","feature","tracked","vistoriado","vistoriado — sem achado específico","informativa","manter sob os gates arquiteturais e funcionais aplicáveis","nenhuma inconsistência individual adicional foi confirmada nesta revisão","validação proporcional à categoria e aos consumidores","auditoria forense 2026-07-31"
"src/features/notifications/constants/notifications-labels.ts","projeto","feature","tracked","vistoriado","vistoriado — sem achado específico","informativa","manter sob os gates arquiteturais e funcionais aplicáveis","nenhuma inconsistência individual adicional foi confirmada nesta revisão","validação proporcional à categoria e aos consumidores","auditoria forense 2026-07-31"
"src/features/notifications/context/index.ts","projeto","feature","tracked","vistoriado","vistoriado — sem achado específico","informativa","manter sob os gates arquiteturais e funcionais aplicáveis","nenhuma inconsistência individual adicional foi confirmada nesta revisão","validação proporcional à categoria e aos consumidores","auditoria forense 2026-07-31"
"src/features/notifications/context/notifications-provider.tsx","projeto","feature","tracked","vistoriado","vistoriado — sem achado específico","informativa","manter sob os gates arquiteturais e funcionais aplicáveis","nenhuma inconsistência individual adicional foi confirmada nesta revisão","validação proporcional à categoria e aos consumidores","auditoria forense 2026-07-31"
"src/features/notifications/docs/README.md","projeto","feature","tracked","vistoriado","vistoriado — sem achado específico","informativa","manter sob os gates arquiteturais e funcionais aplicáveis","nenhuma inconsistência individual adicional foi confirmada nesta revisão","validação proporcional à categoria e aos consumidores","auditoria forense 2026-07-31"
"src/features/notifications/docs/VALIDATION.md","projeto","feature","tracked","vistoriado","vistoriado — sem achado específico","informativa","manter sob os gates arquiteturais e funcionais aplicáveis","nenhuma inconsistência individual adicional foi confirmada nesta revisão","validação proporcional à categoria e aos consumidores","auditoria forense 2026-07-31"
"src/features/notifications/hooks/use-notifications-table-filters.ts","projeto","feature","tracked","vistoriado","vistoriado — sem achado específico","informativa","manter sob os gates arquiteturais e funcionais aplicáveis","nenhuma inconsistência individual adicional foi confirmada nesta revisão","validação proporcional à categoria e aos consumidores","auditoria forense 2026-07-31"
"src/features/notifications/index.ts","projeto","feature","tracked","vistoriado","vistoriado — sem achado específico","informativa","manter sob os gates arquiteturais e funcionais aplicáveis","nenhuma inconsistência individual adicional foi confirmada nesta revisão","validação proporcional à categoria e aos consumidores","auditoria forense 2026-07-31"
"src/features/notifications/model/index.ts","projeto","feature","tracked","vistoriado","vistoriado — sem achado específico","informativa","manter sob os gates arquiteturais e funcionais aplicáveis","nenhuma inconsistência individual adicional foi confirmada nesta revisão","validação proporcional à categoria e aos consumidores","auditoria forense 2026-07-31"
"src/features/notifications/model/notifications-details-model.ts","projeto","feature","tracked","vistoriado","vistoriado — sem achado específico","informativa","manter sob os gates arquiteturais e funcionais aplicáveis","nenhuma inconsistência individual adicional foi confirmada nesta revisão","validação proporcional à categoria e aos consumidores","auditoria forense 2026-07-31"
"src/features/notifications/model/notifications-parsers.ts","projeto","feature","tracked","vistoriado","vistoriado — sem achado específico","informativa","manter sob os gates arquiteturais e funcionais aplicáveis","nenhuma inconsistência individual adicional foi confirmada nesta revisão","validação proporcional à categoria e aos consumidores","auditoria forense 2026-07-31"
"src/features/notifications/model/notifications-rules.ts","projeto","feature","tracked","vistoriado","vistoriado — sem achado específico","informativa","manter sob os gates arquiteturais e funcionais aplicáveis","nenhuma inconsistência individual adicional foi confirmada nesta revisão","validação proporcional à categoria e aos consumidores","auditoria forense 2026-07-31"
"src/features/notifications/model/notifications-types.ts","projeto","feature","tracked","vistoriado","vistoriado — sem achado específico","informativa","manter sob os gates arquiteturais e funcionais aplicáveis","nenhuma inconsistência individual adicional foi confirmada nesta revisão","validação proporcional à categoria e aos consumidores","auditoria forense 2026-07-31"
"src/features/notifications/routes/notifications-route.tsx","projeto","feature","tracked","vistoriado","vistoriado — sem achado específico","informativa","manter sob os gates arquiteturais e funcionais aplicáveis","nenhuma inconsistência individual adicional foi confirmada nesta revisão","validação proporcional à categoria e aos consumidores","auditoria forense 2026-07-31"
"src/features/notifications/services/index.ts","projeto","feature","tracked","vistoriado","vistoriado — sem achado específico","informativa","manter sob os gates arquiteturais e funcionais aplicáveis","nenhuma inconsistência individual adicional foi confirmada nesta revisão","validação proporcional à categoria e aos consumidores","auditoria forense 2026-07-31"
"src/features/notifications/services/notifications-service.ts","projeto","feature","tracked","vistoriado","vistoriado — sem achado específico","informativa","manter sob os gates arquiteturais e funcionais aplicáveis","nenhuma inconsistência individual adicional foi confirmada nesta revisão","validação proporcional à categoria e aos consumidores","auditoria forense 2026-07-31"
"src/features/notifications/table/index.ts","projeto","feature","tracked","vistoriado","vistoriado — sem achado específico","informativa","manter sob os gates arquiteturais e funcionais aplicáveis","nenhuma inconsistência individual adicional foi confirmada nesta revisão","validação proporcional à categoria e aos consumidores","auditoria forense 2026-07-31"
"src/features/notifications/table/notifications-columns.tsx","projeto","feature","tracked","vistoriado","vistoriado — sem achado específico","informativa","manter sob os gates arquiteturais e funcionais aplicáveis","nenhuma inconsistência individual adicional foi confirmada nesta revisão","validação proporcional à categoria e aos consumidores","auditoria forense 2026-07-31"
"src/features/notifications/table/notifications-filter-options.ts","projeto","feature","tracked","vistoriado","vistoriado — sem achado específico","informativa","manter sob os gates arquiteturais e funcionais aplicáveis","nenhuma inconsistência individual adicional foi confirmada nesta revisão","validação proporcional à categoria e aos consumidores","auditoria forense 2026-07-31"
"src/features/operations/model/parking-movement-formatters.ts","projeto","feature","tracked","vistoriado","vistoriado — sem achado específico","informativa","manter sob os gates arquiteturais e funcionais aplicáveis","nenhuma inconsistência individual adicional foi confirmada nesta revisão","validação proporcional à categoria e aos consumidores","auditoria forense 2026-07-31"
"src/features/permissions/components/index.ts","projeto","feature","tracked","vistoriado","vistoriado — sem achado específico","informativa","manter sob os gates arquiteturais e funcionais aplicáveis","nenhuma inconsistência individual adicional foi confirmada nesta revisão","validação proporcional à categoria e aos consumidores","auditoria forense 2026-07-31"
"src/features/permissions/components/permission-access-icon.tsx","projeto","feature","tracked","vistoriado","vistoriado — sem achado específico","informativa","manter sob os gates arquiteturais e funcionais aplicáveis","nenhuma inconsistência individual adicional foi confirmada nesta revisão","validação proporcional à categoria e aos consumidores","auditoria forense 2026-07-31"
"src/features/permissions/constants/index.ts","projeto","feature","tracked","vistoriado","vistoriado — sem achado específico","informativa","manter sob os gates arquiteturais e funcionais aplicáveis","nenhuma inconsistência individual adicional foi confirmada nesta revisão","validação proporcional à categoria e aos consumidores","auditoria forense 2026-07-31"
"src/features/permissions/constants/permissions-constants.ts","projeto","feature","tracked","vistoriado","vistoriado — sem achado específico","informativa","manter sob os gates arquiteturais e funcionais aplicáveis","nenhuma inconsistência individual adicional foi confirmada nesta revisão","validação proporcional à categoria e aos consumidores","auditoria forense 2026-07-31"
"src/features/permissions/constants/permissions-copy.ts","projeto","feature","tracked","vistoriado","vistoriado — sem achado específico","informativa","manter sob os gates arquiteturais e funcionais aplicáveis","nenhuma inconsistência individual adicional foi confirmada nesta revisão","validação proporcional à categoria e aos consumidores","auditoria forense 2026-07-31"
"src/features/permissions/constants/permissions-labels.ts","projeto","feature","tracked","vistoriado","vistoriado — sem achado específico","informativa","manter sob os gates arquiteturais e funcionais aplicáveis","nenhuma inconsistência individual adicional foi confirmada nesta revisão","validação proporcional à categoria e aos consumidores","auditoria forense 2026-07-31"
"src/features/permissions/docs/README.md","projeto","feature","tracked","vistoriado","vistoriado — sem achado específico","informativa","manter sob os gates arquiteturais e funcionais aplicáveis","nenhuma inconsistência individual adicional foi confirmada nesta revisão","validação proporcional à categoria e aos consumidores","auditoria forense 2026-07-31"
"src/features/permissions/docs/VALIDATION.md","projeto","feature","tracked","vistoriado","vistoriado — sem achado específico","informativa","manter sob os gates arquiteturais e funcionais aplicáveis","nenhuma inconsistência individual adicional foi confirmada nesta revisão","validação proporcional à categoria e aos consumidores","auditoria forense 2026-07-31"
"src/features/permissions/hooks/use-permissions-table-filters.ts","projeto","feature","tracked","vistoriado","vistoriado — sem achado específico","informativa","manter sob os gates arquiteturais e funcionais aplicáveis","nenhuma inconsistência individual adicional foi confirmada nesta revisão","validação proporcional à categoria e aos consumidores","auditoria forense 2026-07-31"
"src/features/permissions/hooks/use-permissions.ts","projeto","feature","tracked","vistoriado","vistoriado — sem achado específico","informativa","manter sob os gates arquiteturais e funcionais aplicáveis","nenhuma inconsistência individual adicional foi confirmada nesta revisão","validação proporcional à categoria e aos consumidores","auditoria forense 2026-07-31"
"src/features/permissions/index.ts","projeto","feature","tracked","vistoriado","vistoriado — sem achado específico","informativa","manter sob os gates arquiteturais e funcionais aplicáveis","nenhuma inconsistência individual adicional foi confirmada nesta revisão","validação proporcional à categoria e aos consumidores","auditoria forense 2026-07-31"
"src/features/permissions/model/index.ts","projeto","feature","tracked","vistoriado","vistoriado — sem achado específico","informativa","manter sob os gates arquiteturais e funcionais aplicáveis","nenhuma inconsistência individual adicional foi confirmada nesta revisão","validação proporcional à categoria e aos consumidores","auditoria forense 2026-07-31"
"src/features/permissions/model/permissions-details-model.tsx","projeto","feature","tracked","vistoriado","vistoriado — sem achado específico","informativa","manter sob os gates arquiteturais e funcionais aplicáveis","nenhuma inconsistência individual adicional foi confirmada nesta revisão","validação proporcional à categoria e aos consumidores","auditoria forense 2026-07-31"
"src/features/permissions/model/permissions-parsers.ts","projeto","feature","tracked","vistoriado","vistoriado — sem achado específico","informativa","manter sob os gates arquiteturais e funcionais aplicáveis","nenhuma inconsistência individual adicional foi confirmada nesta revisão","validação proporcional à categoria e aos consumidores","auditoria forense 2026-07-31"
"src/features/permissions/model/permissions-rules.ts","projeto","feature","tracked","vistoriado","vistoriado — sem achado específico","informativa","manter sob os gates arquiteturais e funcionais aplicáveis","nenhuma inconsistência individual adicional foi confirmada nesta revisão","validação proporcional à categoria e aos consumidores","auditoria forense 2026-07-31"
"src/features/permissions/model/permissions-types.ts","projeto","feature","tracked","vistoriado","vistoriado — sem achado específico","informativa","manter sob os gates arquiteturais e funcionais aplicáveis","nenhuma inconsistência individual adicional foi confirmada nesta revisão","validação proporcional à categoria e aos consumidores","auditoria forense 2026-07-31"
"src/features/permissions/routes/permissions-route.tsx","projeto","feature","tracked","vistoriado","vistoriado — sem achado específico","informativa","manter sob os gates arquiteturais e funcionais aplicáveis","nenhuma inconsistência individual adicional foi confirmada nesta revisão","validação proporcional à categoria e aos consumidores","auditoria forense 2026-07-31"
"src/features/permissions/services/index.ts","projeto","feature","tracked","vistoriado","vistoriado — sem achado específico","informativa","manter sob os gates arquiteturais e funcionais aplicáveis","nenhuma inconsistência individual adicional foi confirmada nesta revisão","validação proporcional à categoria e aos consumidores","auditoria forense 2026-07-31"
"src/features/permissions/services/permissions-gateway.ts","projeto","feature","tracked","vistoriado","vistoriado — sem achado específico","informativa","manter sob os gates arquiteturais e funcionais aplicáveis","nenhuma inconsistência individual adicional foi confirmada nesta revisão","validação proporcional à categoria e aos consumidores","auditoria forense 2026-07-31"
"src/features/permissions/services/permissions-service.ts","projeto","feature","tracked","vistoriado","vistoriado — sem achado específico","informativa","manter sob os gates arquiteturais e funcionais aplicáveis","nenhuma inconsistência individual adicional foi confirmada nesta revisão","validação proporcional à categoria e aos consumidores","auditoria forense 2026-07-31"
"src/features/permissions/table/index.ts","projeto","feature","tracked","vistoriado","vistoriado — sem achado específico","informativa","manter sob os gates arquiteturais e funcionais aplicáveis","nenhuma inconsistência individual adicional foi confirmada nesta revisão","validação proporcional à categoria e aos consumidores","auditoria forense 2026-07-31"
"src/features/permissions/table/permissions-columns.tsx","projeto","feature","tracked","vistoriado","vistoriado — sem achado específico","informativa","manter sob os gates arquiteturais e funcionais aplicáveis","nenhuma inconsistência individual adicional foi confirmada nesta revisão","validação proporcional à categoria e aos consumidores","auditoria forense 2026-07-31"
"src/features/prices/components/index.ts","projeto","feature","tracked","vistoriado","vistoriado — sem achado específico","informativa","manter sob os gates arquiteturais e funcionais aplicáveis","nenhuma inconsistência individual adicional foi confirmada nesta revisão","validação proporcional à categoria e aos consumidores","auditoria forense 2026-07-31"
"src/features/prices/components/price-table-form-dialog.tsx","projeto","feature","tracked","vistoriado","vistoriado — sem achado específico","informativa","manter sob os gates arquiteturais e funcionais aplicáveis","nenhuma inconsistência individual adicional foi confirmada nesta revisão","validação proporcional à categoria e aos consumidores","auditoria forense 2026-07-31"
"src/features/prices/constants/index.ts","projeto","feature","tracked","vistoriado","vistoriado — sem achado específico","informativa","manter sob os gates arquiteturais e funcionais aplicáveis","nenhuma inconsistência individual adicional foi confirmada nesta revisão","validação proporcional à categoria e aos consumidores","auditoria forense 2026-07-31"
"src/features/prices/constants/prices-copy.ts","projeto","feature","tracked","vistoriado","vistoriado — sem achado específico","informativa","manter sob os gates arquiteturais e funcionais aplicáveis","nenhuma inconsistência individual adicional foi confirmada nesta revisão","validação proporcional à categoria e aos consumidores","auditoria forense 2026-07-31"
"src/features/prices/constants/prices-persistence.ts","projeto","feature","tracked","vistoriado","vistoriado — sem achado específico","informativa","manter sob os gates arquiteturais e funcionais aplicáveis","nenhuma inconsistência individual adicional foi confirmada nesta revisão","validação proporcional à categoria e aos consumidores","auditoria forense 2026-07-31"
"src/features/prices/docs/README.md","projeto","feature","tracked","vistoriado","vistoriado — sem achado específico","informativa","manter sob os gates arquiteturais e funcionais aplicáveis","nenhuma inconsistência individual adicional foi confirmada nesta revisão","validação proporcional à categoria e aos consumidores","auditoria forense 2026-07-31"
"src/features/prices/docs/VALIDATION.md","projeto","feature","tracked","vistoriado","vistoriado — sem achado específico","informativa","manter sob os gates arquiteturais e funcionais aplicáveis","nenhuma inconsistência individual adicional foi confirmada nesta revisão","validação proporcional à categoria e aos consumidores","auditoria forense 2026-07-31"
"src/features/prices/hooks/index.ts","projeto","feature","tracked","vistoriado","vistoriado — sem achado específico","informativa","manter sob os gates arquiteturais e funcionais aplicáveis","nenhuma inconsistência individual adicional foi confirmada nesta revisão","validação proporcional à categoria e aos consumidores","auditoria forense 2026-07-31"
"src/features/prices/hooks/use-prices.ts","projeto","feature","tracked","vistoriado","vistoriado — sem achado específico","informativa","manter sob os gates arquiteturais e funcionais aplicáveis","nenhuma inconsistência individual adicional foi confirmada nesta revisão","validação proporcional à categoria e aos consumidores","auditoria forense 2026-07-31"
"src/features/prices/index.ts","projeto","feature","tracked","vistoriado","vistoriado — sem achado específico","informativa","manter sob os gates arquiteturais e funcionais aplicáveis","nenhuma inconsistência individual adicional foi confirmada nesta revisão","validação proporcional à categoria e aos consumidores","auditoria forense 2026-07-31"
"src/features/prices/model/index.ts","projeto","feature","tracked","vistoriado","vistoriado — sem achado específico","informativa","manter sob os gates arquiteturais e funcionais aplicáveis","nenhuma inconsistência individual adicional foi confirmada nesta revisão","validação proporcional à categoria e aos consumidores","auditoria forense 2026-07-31"
"src/features/prices/model/prices-details.ts","projeto","feature","tracked","vistoriado","vistoriado — sem achado específico","informativa","manter sob os gates arquiteturais e funcionais aplicáveis","nenhuma inconsistência individual adicional foi confirmada nesta revisão","validação proporcional à categoria e aos consumidores","auditoria forense 2026-07-31"
"src/features/prices/model/prices-form-schema-compat.ts","projeto","feature","tracked","vistoriado","vistoriado — sem achado específico","informativa","manter sob os gates arquiteturais e funcionais aplicáveis","nenhuma inconsistência individual adicional foi confirmada nesta revisão","validação proporcional à categoria e aos consumidores","auditoria forense 2026-07-31"
"src/features/prices/model/prices-formatting.ts","projeto","feature","tracked","vistoriado","vistoriado — sem achado específico","informativa","manter sob os gates arquiteturais e funcionais aplicáveis","nenhuma inconsistência individual adicional foi confirmada nesta revisão","validação proporcional à categoria e aos consumidores","auditoria forense 2026-07-31"
"src/features/prices/model/prices-normalization.ts","projeto","feature","tracked","vistoriado","vistoriado — sem achado específico","informativa","manter sob os gates arquiteturais e funcionais aplicáveis","nenhuma inconsistência individual adicional foi confirmada nesta revisão","validação proporcional à categoria e aos consumidores","auditoria forense 2026-07-31"
"src/features/prices/model/prices-types.ts","projeto","feature","tracked","vistoriado","vistoriado — sem achado específico","informativa","manter sob os gates arquiteturais e funcionais aplicáveis","nenhuma inconsistência individual adicional foi confirmada nesta revisão","validação proporcional à categoria e aos consumidores","auditoria forense 2026-07-31"
"src/features/prices/model/prices-validation.ts","projeto","feature","tracked","vistoriado","vistoriado — sem achado específico","informativa","manter sob os gates arquiteturais e funcionais aplicáveis","nenhuma inconsistência individual adicional foi confirmada nesta revisão","validação proporcional à categoria e aos consumidores","auditoria forense 2026-07-31"
"src/features/prices/routes/index.ts","projeto","feature","tracked","vistoriado","vistoriado — sem achado específico","informativa","manter sob os gates arquiteturais e funcionais aplicáveis","nenhuma inconsistência individual adicional foi confirmada nesta revisão","validação proporcional à categoria e aos consumidores","auditoria forense 2026-07-31"
"src/features/prices/routes/prices-route.tsx","projeto","feature","tracked","vistoriado","vistoriado — sem achado específico","informativa","manter sob os gates arquiteturais e funcionais aplicáveis","nenhuma inconsistência individual adicional foi confirmada nesta revisão","validação proporcional à categoria e aos consumidores","auditoria forense 2026-07-31"
"src/features/prices/schemas/prices-form-schema.ts","projeto","feature","tracked","vistoriado","vistoriado — sem achado específico","informativa","manter sob os gates arquiteturais e funcionais aplicáveis","nenhuma inconsistência individual adicional foi confirmada nesta revisão","validação proporcional à categoria e aos consumidores","auditoria forense 2026-07-31"
"src/features/prices/services/index.ts","projeto","feature","tracked","vistoriado","vistoriado — sem achado específico","informativa","manter sob os gates arquiteturais e funcionais aplicáveis","nenhuma inconsistência individual adicional foi confirmada nesta revisão","validação proporcional à categoria e aos consumidores","auditoria forense 2026-07-31"
"src/features/prices/services/prices-service.ts","projeto","feature","tracked","vistoriado","vistoriado — sem achado específico","informativa","manter sob os gates arquiteturais e funcionais aplicáveis","nenhuma inconsistência individual adicional foi confirmada nesta revisão","validação proporcional à categoria e aos consumidores","auditoria forense 2026-07-31"
"src/features/prices/table/index.ts","projeto","feature","tracked","vistoriado","vistoriado — sem achado específico","informativa","manter sob os gates arquiteturais e funcionais aplicáveis","nenhuma inconsistência individual adicional foi confirmada nesta revisão","validação proporcional à categoria e aos consumidores","auditoria forense 2026-07-31"
"src/features/prices/table/prices-columns.tsx","projeto","feature","tracked","vistoriado","vistoriado — sem achado específico","informativa","manter sob os gates arquiteturais e funcionais aplicáveis","nenhuma inconsistência individual adicional foi confirmada nesta revisão","validação proporcional à categoria e aos consumidores","auditoria forense 2026-07-31"
"src/features/prices/table/prices-filter-options.ts","projeto","feature","tracked","vistoriado","vistoriado — sem achado específico","informativa","manter sob os gates arquiteturais e funcionais aplicáveis","nenhuma inconsistência individual adicional foi confirmada nesta revisão","validação proporcional à categoria e aos consumidores","auditoria forense 2026-07-31"
"src/features/reports/components/index.ts","projeto","feature","tracked","vistoriado","capacidade sem contrato produtivo real","alta","manter fora do registro e da navegação de produção","impede que preview ou placeholder seja apresentado como operação real","teste do registro de rotas e inspeção do bundle produtivo","plano §2 Rotas sem capacidade produtiva"
"src/features/reports/components/reports-tabs-content.tsx","projeto","feature","tracked","vistoriado","capacidade sem contrato produtivo real","alta","manter fora do registro e da navegação de produção","impede que preview ou placeholder seja apresentado como operação real","teste do registro de rotas e inspeção do bundle produtivo","plano §2 Rotas sem capacidade produtiva"
"src/features/reports/constants/reports-copy.ts","projeto","feature","tracked","vistoriado","capacidade sem contrato produtivo real","alta","manter fora do registro e da navegação de produção","impede que preview ou placeholder seja apresentado como operação real","teste do registro de rotas e inspeção do bundle produtivo","plano §2 Rotas sem capacidade produtiva"
"src/features/reports/docs/README.md","projeto","feature","tracked","vistoriado","capacidade sem contrato produtivo real","alta","manter fora do registro e da navegação de produção","impede que preview ou placeholder seja apresentado como operação real","teste do registro de rotas e inspeção do bundle produtivo","plano §2 Rotas sem capacidade produtiva"
"src/features/reports/docs/VALIDATION.md","projeto","feature","tracked","vistoriado","capacidade sem contrato produtivo real","alta","manter fora do registro e da navegação de produção","impede que preview ou placeholder seja apresentado como operação real","teste do registro de rotas e inspeção do bundle produtivo","plano §2 Rotas sem capacidade produtiva"
"src/features/reports/hooks/use-reports-snapshot.ts","projeto","feature","tracked","vistoriado","capacidade sem contrato produtivo real","alta","manter fora do registro e da navegação de produção","impede que preview ou placeholder seja apresentado como operação real","teste do registro de rotas e inspeção do bundle produtivo","plano §2 Rotas sem capacidade produtiva"
"src/features/reports/model/reports-mock-data.ts","projeto","feature","tracked","vistoriado","capacidade sem contrato produtivo real","alta","manter fora do registro e da navegação de produção","impede que preview ou placeholder seja apresentado como operação real","teste do registro de rotas e inspeção do bundle produtivo","plano §2 Rotas sem capacidade produtiva"
"src/features/reports/model/reports-types.ts","projeto","feature","tracked","vistoriado","capacidade sem contrato produtivo real","alta","manter fora do registro e da navegação de produção","impede que preview ou placeholder seja apresentado como operação real","teste do registro de rotas e inspeção do bundle produtivo","plano §2 Rotas sem capacidade produtiva"
"src/features/reports/routes/reports-route.tsx","projeto","feature","tracked","vistoriado","capacidade sem contrato produtivo real","alta","manter fora do registro e da navegação de produção","impede que preview ou placeholder seja apresentado como operação real","teste do registro de rotas e inspeção do bundle produtivo","plano §2 Rotas sem capacidade produtiva"
"src/features/reports/services/reports-service.ts","projeto","feature","tracked","vistoriado","capacidade sem contrato produtivo real","alta","manter fora do registro e da navegação de produção","impede que preview ou placeholder seja apresentado como operação real","teste do registro de rotas e inspeção do bundle produtivo","plano §2 Rotas sem capacidade produtiva"
"src/features/reports/table/index.ts","projeto","feature","tracked","vistoriado","capacidade sem contrato produtivo real","alta","manter fora do registro e da navegação de produção","impede que preview ou placeholder seja apresentado como operação real","teste do registro de rotas e inspeção do bundle produtivo","plano §2 Rotas sem capacidade produtiva"
"src/features/reports/table/reports-billing-columns.tsx","projeto","feature","tracked","vistoriado","capacidade sem contrato produtivo real","alta","manter fora do registro e da navegação de produção","impede que preview ou placeholder seja apresentado como operação real","teste do registro de rotas e inspeção do bundle produtivo","plano §2 Rotas sem capacidade produtiva"
"src/features/reports/table/reports-occupancy-columns.tsx","projeto","feature","tracked","vistoriado","capacidade sem contrato produtivo real","alta","manter fora do registro e da navegação de produção","impede que preview ou placeholder seja apresentado como operação real","teste do registro de rotas e inspeção do bundle produtivo","plano §2 Rotas sem capacidade produtiva"
"src/features/reports/table/reports-vehicle-columns.tsx","projeto","feature","tracked","vistoriado","capacidade sem contrato produtivo real","alta","manter fora do registro e da navegação de produção","impede que preview ou placeholder seja apresentado como operação real","teste do registro de rotas e inspeção do bundle produtivo","plano §2 Rotas sem capacidade produtiva"
"src/features/rules/components/index.ts","projeto","feature","tracked","vistoriado","vistoriado — sem achado específico","informativa","manter sob os gates arquiteturais e funcionais aplicáveis","nenhuma inconsistência individual adicional foi confirmada nesta revisão","validação proporcional à categoria e aos consumidores","auditoria forense 2026-07-31"
"src/features/rules/components/vip-rule-form-dialog.tsx","projeto","feature","tracked","vistoriado","vistoriado — sem achado específico","informativa","manter sob os gates arquiteturais e funcionais aplicáveis","nenhuma inconsistência individual adicional foi confirmada nesta revisão","validação proporcional à categoria e aos consumidores","auditoria forense 2026-07-31"
"src/features/rules/constants/index.ts","projeto","feature","tracked","vistoriado","vistoriado — sem achado específico","informativa","manter sob os gates arquiteturais e funcionais aplicáveis","nenhuma inconsistência individual adicional foi confirmada nesta revisão","validação proporcional à categoria e aos consumidores","auditoria forense 2026-07-31"
"src/features/rules/constants/rules-copy.ts","projeto","feature","tracked","vistoriado","vistoriado — sem achado específico","informativa","manter sob os gates arquiteturais e funcionais aplicáveis","nenhuma inconsistência individual adicional foi confirmada nesta revisão","validação proporcional à categoria e aos consumidores","auditoria forense 2026-07-31"
"src/features/rules/constants/rules-persistence.ts","projeto","feature","tracked","vistoriado","vistoriado — sem achado específico","informativa","manter sob os gates arquiteturais e funcionais aplicáveis","nenhuma inconsistência individual adicional foi confirmada nesta revisão","validação proporcional à categoria e aos consumidores","auditoria forense 2026-07-31"
"src/features/rules/docs/README.md","projeto","feature","tracked","vistoriado","vistoriado — sem achado específico","informativa","manter sob os gates arquiteturais e funcionais aplicáveis","nenhuma inconsistência individual adicional foi confirmada nesta revisão","validação proporcional à categoria e aos consumidores","auditoria forense 2026-07-31"
"src/features/rules/docs/VALIDATION.md","projeto","feature","tracked","vistoriado","vistoriado — sem achado específico","informativa","manter sob os gates arquiteturais e funcionais aplicáveis","nenhuma inconsistência individual adicional foi confirmada nesta revisão","validação proporcional à categoria e aos consumidores","auditoria forense 2026-07-31"
"src/features/rules/hooks/index.ts","projeto","feature","tracked","vistoriado","vistoriado — sem achado específico","informativa","manter sob os gates arquiteturais e funcionais aplicáveis","nenhuma inconsistência individual adicional foi confirmada nesta revisão","validação proporcional à categoria e aos consumidores","auditoria forense 2026-07-31"
"src/features/rules/hooks/use-rules.ts","projeto","feature","tracked","vistoriado","vistoriado — sem achado específico","informativa","manter sob os gates arquiteturais e funcionais aplicáveis","nenhuma inconsistência individual adicional foi confirmada nesta revisão","validação proporcional à categoria e aos consumidores","auditoria forense 2026-07-31"
"src/features/rules/index.ts","projeto","feature","tracked","vistoriado","vistoriado — sem achado específico","informativa","manter sob os gates arquiteturais e funcionais aplicáveis","nenhuma inconsistência individual adicional foi confirmada nesta revisão","validação proporcional à categoria e aos consumidores","auditoria forense 2026-07-31"
"src/features/rules/model/index.ts","projeto","feature","tracked","vistoriado","vistoriado — sem achado específico","informativa","manter sob os gates arquiteturais e funcionais aplicáveis","nenhuma inconsistência individual adicional foi confirmada nesta revisão","validação proporcional à categoria e aos consumidores","auditoria forense 2026-07-31"
"src/features/rules/model/rules-details.ts","projeto","feature","tracked","vistoriado","vistoriado — sem achado específico","informativa","manter sob os gates arquiteturais e funcionais aplicáveis","nenhuma inconsistência individual adicional foi confirmada nesta revisão","validação proporcional à categoria e aos consumidores","auditoria forense 2026-07-31"
"src/features/rules/model/rules-form-schema-compat.ts","projeto","feature","tracked","vistoriado","vistoriado — sem achado específico","informativa","manter sob os gates arquiteturais e funcionais aplicáveis","nenhuma inconsistência individual adicional foi confirmada nesta revisão","validação proporcional à categoria e aos consumidores","auditoria forense 2026-07-31"
"src/features/rules/model/rules-formatting.ts","projeto","feature","tracked","vistoriado","vistoriado — sem achado específico","informativa","manter sob os gates arquiteturais e funcionais aplicáveis","nenhuma inconsistência individual adicional foi confirmada nesta revisão","validação proporcional à categoria e aos consumidores","auditoria forense 2026-07-31"
"src/features/rules/model/rules-normalization.ts","projeto","feature","tracked","vistoriado","vistoriado — sem achado específico","informativa","manter sob os gates arquiteturais e funcionais aplicáveis","nenhuma inconsistência individual adicional foi confirmada nesta revisão","validação proporcional à categoria e aos consumidores","auditoria forense 2026-07-31"
"src/features/rules/model/rules-types.ts","projeto","feature","tracked","vistoriado","vistoriado — sem achado específico","informativa","manter sob os gates arquiteturais e funcionais aplicáveis","nenhuma inconsistência individual adicional foi confirmada nesta revisão","validação proporcional à categoria e aos consumidores","auditoria forense 2026-07-31"
"src/features/rules/model/rules-validation.ts","projeto","feature","tracked","vistoriado","vistoriado — sem achado específico","informativa","manter sob os gates arquiteturais e funcionais aplicáveis","nenhuma inconsistência individual adicional foi confirmada nesta revisão","validação proporcional à categoria e aos consumidores","auditoria forense 2026-07-31"
"src/features/rules/routes/index.ts","projeto","feature","tracked","vistoriado","vistoriado — sem achado específico","informativa","manter sob os gates arquiteturais e funcionais aplicáveis","nenhuma inconsistência individual adicional foi confirmada nesta revisão","validação proporcional à categoria e aos consumidores","auditoria forense 2026-07-31"
"src/features/rules/routes/rules-route.tsx","projeto","feature","tracked","vistoriado","vistoriado — sem achado específico","informativa","manter sob os gates arquiteturais e funcionais aplicáveis","nenhuma inconsistência individual adicional foi confirmada nesta revisão","validação proporcional à categoria e aos consumidores","auditoria forense 2026-07-31"
"src/features/rules/schemas/rules-form-schema.ts","projeto","feature","tracked","vistoriado","vistoriado — sem achado específico","informativa","manter sob os gates arquiteturais e funcionais aplicáveis","nenhuma inconsistência individual adicional foi confirmada nesta revisão","validação proporcional à categoria e aos consumidores","auditoria forense 2026-07-31"
"src/features/rules/services/index.ts","projeto","feature","tracked","vistoriado","vistoriado — sem achado específico","informativa","manter sob os gates arquiteturais e funcionais aplicáveis","nenhuma inconsistência individual adicional foi confirmada nesta revisão","validação proporcional à categoria e aos consumidores","auditoria forense 2026-07-31"
"src/features/rules/services/rules-service.ts","projeto","feature","tracked","vistoriado","vistoriado — sem achado específico","informativa","manter sob os gates arquiteturais e funcionais aplicáveis","nenhuma inconsistência individual adicional foi confirmada nesta revisão","validação proporcional à categoria e aos consumidores","auditoria forense 2026-07-31"
"src/features/rules/services/vip-rules-service.ts","projeto","feature","tracked","vistoriado","vistoriado — sem achado específico","informativa","manter sob os gates arquiteturais e funcionais aplicáveis","nenhuma inconsistência individual adicional foi confirmada nesta revisão","validação proporcional à categoria e aos consumidores","auditoria forense 2026-07-31"
"src/features/rules/table/index.ts","projeto","feature","tracked","vistoriado","vistoriado — sem achado específico","informativa","manter sob os gates arquiteturais e funcionais aplicáveis","nenhuma inconsistência individual adicional foi confirmada nesta revisão","validação proporcional à categoria e aos consumidores","auditoria forense 2026-07-31"
"src/features/rules/table/rules-columns.tsx","projeto","feature","tracked","vistoriado","vistoriado — sem achado específico","informativa","manter sob os gates arquiteturais e funcionais aplicáveis","nenhuma inconsistência individual adicional foi confirmada nesta revisão","validação proporcional à categoria e aos consumidores","auditoria forense 2026-07-31"
"src/features/rules/table/rules-filter-options.ts","projeto","feature","tracked","vistoriado","vistoriado — sem achado específico","informativa","manter sob os gates arquiteturais e funcionais aplicáveis","nenhuma inconsistência individual adicional foi confirmada nesta revisão","validação proporcional à categoria e aos consumidores","auditoria forense 2026-07-31"
"src/features/security/components/index.ts","projeto","feature","tracked","vistoriado","vistoriado — sem achado específico","informativa","manter sob os gates arquiteturais e funcionais aplicáveis","nenhuma inconsistência individual adicional foi confirmada nesta revisão","validação proporcional à categoria e aos consumidores","auditoria forense 2026-07-31"
"src/features/security/components/security-change-password-dialog.tsx","projeto","feature","tracked","vistoriado","vistoriado — sem achado específico","informativa","manter sob os gates arquiteturais e funcionais aplicáveis","nenhuma inconsistência individual adicional foi confirmada nesta revisão","validação proporcional à categoria e aos consumidores","auditoria forense 2026-07-31"
"src/features/security/components/security-summary-card.tsx","projeto","feature","tracked","vistoriado","vistoriado — sem achado específico","informativa","manter sob os gates arquiteturais e funcionais aplicáveis","nenhuma inconsistência individual adicional foi confirmada nesta revisão","validação proporcional à categoria e aos consumidores","auditoria forense 2026-07-31"
"src/features/security/constants/security-copy.ts","projeto","feature","tracked","vistoriado","vistoriado — sem achado específico","informativa","manter sob os gates arquiteturais e funcionais aplicáveis","nenhuma inconsistência individual adicional foi confirmada nesta revisão","validação proporcional à categoria e aos consumidores","auditoria forense 2026-07-31"
"src/features/security/docs/README.md","projeto","feature","tracked","vistoriado","vistoriado — sem achado específico","informativa","manter sob os gates arquiteturais e funcionais aplicáveis","nenhuma inconsistência individual adicional foi confirmada nesta revisão","validação proporcional à categoria e aos consumidores","auditoria forense 2026-07-31"
"src/features/security/docs/VALIDATION.md","projeto","feature","tracked","vistoriado","vistoriado — sem achado específico","informativa","manter sob os gates arquiteturais e funcionais aplicáveis","nenhuma inconsistência individual adicional foi confirmada nesta revisão","validação proporcional à categoria e aos consumidores","auditoria forense 2026-07-31"
"src/features/security/hooks/use-security-password-change.ts","projeto","feature","tracked","vistoriado","vistoriado — sem achado específico","informativa","manter sob os gates arquiteturais e funcionais aplicáveis","nenhuma inconsistência individual adicional foi confirmada nesta revisão","validação proporcional à categoria e aos consumidores","auditoria forense 2026-07-31"
"src/features/security/hooks/use-security.ts","projeto","feature","tracked","vistoriado","vistoriado — sem achado específico","informativa","manter sob os gates arquiteturais e funcionais aplicáveis","nenhuma inconsistência individual adicional foi confirmada nesta revisão","validação proporcional à categoria e aos consumidores","auditoria forense 2026-07-31"
"src/features/security/model/index.ts","projeto","feature","tracked","vistoriado","vistoriado — sem achado específico","informativa","manter sob os gates arquiteturais e funcionais aplicáveis","nenhuma inconsistência individual adicional foi confirmada nesta revisão","validação proporcional à categoria e aos consumidores","auditoria forense 2026-07-31"
"src/features/security/model/security-models.ts","projeto","feature","tracked","vistoriado","vistoriado — sem achado específico","informativa","manter sob os gates arquiteturais e funcionais aplicáveis","nenhuma inconsistência individual adicional foi confirmada nesta revisão","validação proporcional à categoria e aos consumidores","auditoria forense 2026-07-31"
"src/features/security/routes/security-route.tsx","projeto","feature","tracked","vistoriado","vistoriado — sem achado específico","informativa","manter sob os gates arquiteturais e funcionais aplicáveis","nenhuma inconsistência individual adicional foi confirmada nesta revisão","validação proporcional à categoria e aos consumidores","auditoria forense 2026-07-31"
"src/features/security/services/security-password-service.ts","projeto","feature","tracked","vistoriado","vistoriado — sem achado específico","informativa","manter sob os gates arquiteturais e funcionais aplicáveis","nenhuma inconsistência individual adicional foi confirmada nesta revisão","validação proporcional à categoria e aos consumidores","auditoria forense 2026-07-31"
"src/features/security/services/security-session-service.ts","projeto","feature","tracked","vistoriado","vistoriado — sem achado específico","informativa","manter sob os gates arquiteturais e funcionais aplicáveis","nenhuma inconsistência individual adicional foi confirmada nesta revisão","validação proporcional à categoria e aos consumidores","auditoria forense 2026-07-31"
"src/features/security/types/security-types.ts","projeto","feature","tracked","vistoriado","vistoriado — sem achado específico","informativa","manter sob os gates arquiteturais e funcionais aplicáveis","nenhuma inconsistência individual adicional foi confirmada nesta revisão","validação proporcional à categoria e aos consumidores","auditoria forense 2026-07-31"
"src/features/units/components/index.ts","projeto","feature","tracked","vistoriado","vistoriado — sem achado específico","informativa","manter sob os gates arquiteturais e funcionais aplicáveis","nenhuma inconsistência individual adicional foi confirmada nesta revisão","validação proporcional à categoria e aos consumidores","auditoria forense 2026-07-31"
"src/features/units/components/unit-yard-config-dialog.tsx","projeto","feature","tracked","vistoriado","vistoriado — sem achado específico","informativa","manter sob os gates arquiteturais e funcionais aplicáveis","nenhuma inconsistência individual adicional foi confirmada nesta revisão","validação proporcional à categoria e aos consumidores","auditoria forense 2026-07-31"
"src/features/units/constants/index.ts","projeto","feature","tracked","vistoriado","vistoriado — sem achado específico","informativa","manter sob os gates arquiteturais e funcionais aplicáveis","nenhuma inconsistência individual adicional foi confirmada nesta revisão","validação proporcional à categoria e aos consumidores","auditoria forense 2026-07-31"
"src/features/units/constants/units-copy.ts","projeto","feature","tracked","vistoriado","vistoriado — sem achado específico","informativa","manter sob os gates arquiteturais e funcionais aplicáveis","nenhuma inconsistência individual adicional foi confirmada nesta revisão","validação proporcional à categoria e aos consumidores","auditoria forense 2026-07-31"
"src/features/units/constants/units-persistence.ts","projeto","feature","tracked","vistoriado","vistoriado — sem achado específico","informativa","manter sob os gates arquiteturais e funcionais aplicáveis","nenhuma inconsistência individual adicional foi confirmada nesta revisão","validação proporcional à categoria e aos consumidores","auditoria forense 2026-07-31"
"src/features/units/constants/units-routes.ts","projeto","feature","tracked","vistoriado","vistoriado — sem achado específico","informativa","manter sob os gates arquiteturais e funcionais aplicáveis","nenhuma inconsistência individual adicional foi confirmada nesta revisão","validação proporcional à categoria e aos consumidores","auditoria forense 2026-07-31"
"src/features/units/constants/units-sync.ts","projeto","feature","tracked","vistoriado","vistoriado — sem achado específico","informativa","manter sob os gates arquiteturais e funcionais aplicáveis","nenhuma inconsistência individual adicional foi confirmada nesta revisão","validação proporcional à categoria e aos consumidores","auditoria forense 2026-07-31"
"src/features/units/constants/units-ui.ts","projeto","feature","tracked","vistoriado","vistoriado — sem achado específico","informativa","manter sob os gates arquiteturais e funcionais aplicáveis","nenhuma inconsistência individual adicional foi confirmada nesta revisão","validação proporcional à categoria e aos consumidores","auditoria forense 2026-07-31"
"src/features/units/docs/README.md","projeto","feature","tracked","vistoriado","vistoriado — sem achado específico","informativa","manter sob os gates arquiteturais e funcionais aplicáveis","nenhuma inconsistência individual adicional foi confirmada nesta revisão","validação proporcional à categoria e aos consumidores","auditoria forense 2026-07-31"
"src/features/units/docs/VALIDATION.md","projeto","feature","tracked","vistoriado","vistoriado — sem achado específico","informativa","manter sob os gates arquiteturais e funcionais aplicáveis","nenhuma inconsistência individual adicional foi confirmada nesta revisão","validação proporcional à categoria e aos consumidores","auditoria forense 2026-07-31"
"src/features/units/hooks/index.ts","projeto","feature","tracked","vistoriado","vistoriado — sem achado específico","informativa","manter sob os gates arquiteturais e funcionais aplicáveis","nenhuma inconsistência individual adicional foi confirmada nesta revisão","validação proporcional à categoria e aos consumidores","auditoria forense 2026-07-31"
"src/features/units/hooks/use-unit-user-stats.ts","projeto","feature","tracked","vistoriado","vistoriado — sem achado específico","informativa","manter sob os gates arquiteturais e funcionais aplicáveis","nenhuma inconsistência individual adicional foi confirmada nesta revisão","validação proporcional à categoria e aos consumidores","auditoria forense 2026-07-31"
"src/features/units/hooks/use-unit-users-table-filters.ts","projeto","feature","tracked","vistoriado","vistoriado — sem achado específico","informativa","manter sob os gates arquiteturais e funcionais aplicáveis","nenhuma inconsistência individual adicional foi confirmada nesta revisão","validação proporcional à categoria e aos consumidores","auditoria forense 2026-07-31"
"src/features/units/hooks/use-unit-users.ts","projeto","feature","tracked","vistoriado","vistoriado — sem achado específico","informativa","manter sob os gates arquiteturais e funcionais aplicáveis","nenhuma inconsistência individual adicional foi confirmada nesta revisão","validação proporcional à categoria e aos consumidores","auditoria forense 2026-07-31"
"src/features/units/hooks/use-unit-yard-configs.ts","projeto","feature","tracked","vistoriado","vistoriado — sem achado específico","informativa","manter sob os gates arquiteturais e funcionais aplicáveis","nenhuma inconsistência individual adicional foi confirmada nesta revisão","validação proporcional à categoria e aos consumidores","auditoria forense 2026-07-31"
"src/features/units/hooks/use-units-table-filters.ts","projeto","feature","tracked","vistoriado","vistoriado — sem achado específico","informativa","manter sob os gates arquiteturais e funcionais aplicáveis","nenhuma inconsistência individual adicional foi confirmada nesta revisão","validação proporcional à categoria e aos consumidores","auditoria forense 2026-07-31"
"src/features/units/hooks/use-units.ts","projeto","feature","tracked","vistoriado","vistoriado — sem achado específico","informativa","manter sob os gates arquiteturais e funcionais aplicáveis","nenhuma inconsistência individual adicional foi confirmada nesta revisão","validação proporcional à categoria e aos consumidores","auditoria forense 2026-07-31"
"src/features/units/index.ts","projeto","feature","tracked","vistoriado","vistoriado — sem achado específico","informativa","manter sob os gates arquiteturais e funcionais aplicáveis","nenhuma inconsistência individual adicional foi confirmada nesta revisão","validação proporcional à categoria e aos consumidores","auditoria forense 2026-07-31"
"src/features/units/model/index.ts","projeto","feature","tracked","vistoriado","vistoriado — sem achado específico","informativa","manter sob os gates arquiteturais e funcionais aplicáveis","nenhuma inconsistência individual adicional foi confirmada nesta revisão","validação proporcional à categoria e aos consumidores","auditoria forense 2026-07-31"
"src/features/units/model/units-details.tsx","projeto","feature","tracked","vistoriado","vistoriado — sem achado específico","informativa","manter sob os gates arquiteturais e funcionais aplicáveis","nenhuma inconsistência individual adicional foi confirmada nesta revisão","validação proporcional à categoria e aos consumidores","auditoria forense 2026-07-31"
"src/features/units/model/units-formatting.ts","projeto","feature","tracked","vistoriado","vistoriado — sem achado específico","informativa","manter sob os gates arquiteturais e funcionais aplicáveis","nenhuma inconsistência individual adicional foi confirmada nesta revisão","validação proporcional à categoria e aos consumidores","auditoria forense 2026-07-31"
"src/features/units/model/units-normalization.ts","projeto","feature","tracked","vistoriado","vistoriado — sem achado específico","informativa","manter sob os gates arquiteturais e funcionais aplicáveis","nenhuma inconsistência individual adicional foi confirmada nesta revisão","validação proporcional à categoria e aos consumidores","auditoria forense 2026-07-31"
"src/features/units/model/units-types.ts","projeto","feature","tracked","vistoriado","vistoriado — sem achado específico","informativa","manter sob os gates arquiteturais e funcionais aplicáveis","nenhuma inconsistência individual adicional foi confirmada nesta revisão","validação proporcional à categoria e aos consumidores","auditoria forense 2026-07-31"
"src/features/units/model/units-validation.ts","projeto","feature","tracked","vistoriado","vistoriado — sem achado específico","informativa","manter sob os gates arquiteturais e funcionais aplicáveis","nenhuma inconsistência individual adicional foi confirmada nesta revisão","validação proporcional à categoria e aos consumidores","auditoria forense 2026-07-31"
"src/features/units/routes/unit-users-route.tsx","projeto","feature","tracked","vistoriado","vistoriado — sem achado específico","informativa","manter sob os gates arquiteturais e funcionais aplicáveis","nenhuma inconsistência individual adicional foi confirmada nesta revisão","validação proporcional à categoria e aos consumidores","auditoria forense 2026-07-31"
"src/features/units/routes/units-route.tsx","projeto","feature","tracked","vistoriado","vistoriado — sem achado específico","informativa","manter sob os gates arquiteturais e funcionais aplicáveis","nenhuma inconsistência individual adicional foi confirmada nesta revisão","validação proporcional à categoria e aos consumidores","auditoria forense 2026-07-31"
"src/features/units/services/index.ts","projeto","feature","tracked","vistoriado","vistoriado — sem achado específico","informativa","manter sob os gates arquiteturais e funcionais aplicáveis","nenhuma inconsistência individual adicional foi confirmada nesta revisão","validação proporcional à categoria e aos consumidores","auditoria forense 2026-07-31"
"src/features/units/services/unit-sync-service.ts","projeto","feature","tracked","vistoriado","vistoriado — sem achado específico","informativa","manter sob os gates arquiteturais e funcionais aplicáveis","nenhuma inconsistência individual adicional foi confirmada nesta revisão","validação proporcional à categoria e aos consumidores","auditoria forense 2026-07-31"
"src/features/units/services/unit-user-stats-service.ts","projeto","feature","tracked","vistoriado","vistoriado — sem achado específico","informativa","manter sob os gates arquiteturais e funcionais aplicáveis","nenhuma inconsistência individual adicional foi confirmada nesta revisão","validação proporcional à categoria e aos consumidores","auditoria forense 2026-07-31"
"src/features/units/services/unit-yard-gateway.ts","projeto","feature","tracked","vistoriado","vistoriado — sem achado específico","informativa","manter sob os gates arquiteturais e funcionais aplicáveis","nenhuma inconsistência individual adicional foi confirmada nesta revisão","validação proporcional à categoria e aos consumidores","auditoria forense 2026-07-31"
"src/features/units/services/unit-yard-service.ts","projeto","feature","tracked","vistoriado","vistoriado — sem achado específico","informativa","manter sob os gates arquiteturais e funcionais aplicáveis","nenhuma inconsistência individual adicional foi confirmada nesta revisão","validação proporcional à categoria e aos consumidores","auditoria forense 2026-07-31"
"src/features/units/services/units-gateway.ts","projeto","feature","tracked","vistoriado","vistoriado — sem achado específico","informativa","manter sob os gates arquiteturais e funcionais aplicáveis","nenhuma inconsistência individual adicional foi confirmada nesta revisão","validação proporcional à categoria e aos consumidores","auditoria forense 2026-07-31"
"src/features/units/services/units-service.ts","projeto","feature","tracked","vistoriado","vistoriado — sem achado específico","informativa","manter sob os gates arquiteturais e funcionais aplicáveis","nenhuma inconsistência individual adicional foi confirmada nesta revisão","validação proporcional à categoria e aos consumidores","auditoria forense 2026-07-31"
"src/features/units/table/index.ts","projeto","feature","tracked","vistoriado","vistoriado — sem achado específico","informativa","manter sob os gates arquiteturais e funcionais aplicáveis","nenhuma inconsistência individual adicional foi confirmada nesta revisão","validação proporcional à categoria e aos consumidores","auditoria forense 2026-07-31"
"src/features/units/table/unit-users-columns.tsx","projeto","feature","tracked","vistoriado","vistoriado — sem achado específico","informativa","manter sob os gates arquiteturais e funcionais aplicáveis","nenhuma inconsistência individual adicional foi confirmada nesta revisão","validação proporcional à categoria e aos consumidores","auditoria forense 2026-07-31"
"src/features/units/table/units-columns.tsx","projeto","feature","tracked","vistoriado","vistoriado — sem achado específico","informativa","manter sob os gates arquiteturais e funcionais aplicáveis","nenhuma inconsistência individual adicional foi confirmada nesta revisão","validação proporcional à categoria e aos consumidores","auditoria forense 2026-07-31"
"src/features/users/README.md","projeto","feature","M","vistoriado","vistoriado — sem achado específico","informativa","manter sob os gates arquiteturais e funcionais aplicáveis","nenhuma inconsistência individual adicional foi confirmada nesta revisão","validação proporcional à categoria e aos consumidores","auditoria forense 2026-07-31"
"src/features/users/components/user-admin-action-dialog.tsx","projeto","feature","tracked","vistoriado","vistoriado — sem achado específico","informativa","manter sob os gates arquiteturais e funcionais aplicáveis","nenhuma inconsistência individual adicional foi confirmada nesta revisão","validação proporcional à categoria e aos consumidores","auditoria forense 2026-07-31"
"src/features/users/components/user-details-sheet.tsx","projeto","feature","tracked","vistoriado","vistoriado — sem achado específico","informativa","manter sob os gates arquiteturais e funcionais aplicáveis","nenhuma inconsistência individual adicional foi confirmada nesta revisão","validação proporcional à categoria e aos consumidores","auditoria forense 2026-07-31"
"src/features/users/components/user-form-dialog.tsx","projeto","feature","tracked","vistoriado","vistoriado — sem achado específico","informativa","manter sob os gates arquiteturais e funcionais aplicáveis","nenhuma inconsistência individual adicional foi confirmada nesta revisão","validação proporcional à categoria e aos consumidores","auditoria forense 2026-07-31"
"src/features/users/components/user-form-fields.tsx","projeto","feature","tracked","vistoriado","vistoriado — sem achado específico","informativa","manter sob os gates arquiteturais e funcionais aplicáveis","nenhuma inconsistência individual adicional foi confirmada nesta revisão","validação proporcional à categoria e aos consumidores","auditoria forense 2026-07-31"
"src/features/users/components/users-table.tsx","projeto","feature","tracked","vistoriado","vistoriado — sem achado específico","informativa","manter sob os gates arquiteturais e funcionais aplicáveis","nenhuma inconsistência individual adicional foi confirmada nesta revisão","validação proporcional à categoria e aos consumidores","auditoria forense 2026-07-31"
"src/features/users/constants/users-api.ts","projeto","feature","tracked","vistoriado","vistoriado — sem achado específico","informativa","manter sob os gates arquiteturais e funcionais aplicáveis","nenhuma inconsistência individual adicional foi confirmada nesta revisão","validação proporcional à categoria e aos consumidores","auditoria forense 2026-07-31"
"src/features/users/constants/users-copy.ts","projeto","feature","tracked","vistoriado","vistoriado — sem achado específico","informativa","manter sob os gates arquiteturais e funcionais aplicáveis","nenhuma inconsistência individual adicional foi confirmada nesta revisão","validação proporcional à categoria e aos consumidores","auditoria forense 2026-07-31"
"src/features/users/constants/users-persistence.ts","projeto","feature","tracked","vistoriado","vistoriado — sem achado específico","informativa","manter sob os gates arquiteturais e funcionais aplicáveis","nenhuma inconsistência individual adicional foi confirmada nesta revisão","validação proporcional à categoria e aos consumidores","auditoria forense 2026-07-31"
"src/features/users/gateways/supabase-users-gateway.ts","projeto","feature","M","vistoriado","vistoriado — sem achado específico","informativa","manter sob os gates arquiteturais e funcionais aplicáveis","nenhuma inconsistência individual adicional foi confirmada nesta revisão","validação proporcional à categoria e aos consumidores","auditoria forense 2026-07-31"
"src/features/users/gateways/users-gateway-contracts.ts","projeto","feature","tracked","vistoriado","vistoriado — sem achado específico","informativa","manter sob os gates arquiteturais e funcionais aplicáveis","nenhuma inconsistência individual adicional foi confirmada nesta revisão","validação proporcional à categoria e aos consumidores","auditoria forense 2026-07-31"
"src/features/users/gateways/users-gateway.ts","projeto","feature","tracked","vistoriado","vistoriado — sem achado específico","informativa","manter sob os gates arquiteturais e funcionais aplicáveis","nenhuma inconsistência individual adicional foi confirmada nesta revisão","validação proporcional à categoria e aos consumidores","auditoria forense 2026-07-31"
"src/features/users/hooks/use-users.ts","projeto","feature","tracked","vistoriado","vistoriado — sem achado específico","informativa","manter sob os gates arquiteturais e funcionais aplicáveis","nenhuma inconsistência individual adicional foi confirmada nesta revisão","validação proporcional à categoria e aos consumidores","auditoria forense 2026-07-31"
"src/features/users/index.ts","projeto","feature","tracked","vistoriado","vistoriado — sem achado específico","informativa","manter sob os gates arquiteturais e funcionais aplicáveis","nenhuma inconsistência individual adicional foi confirmada nesta revisão","validação proporcional à categoria e aos consumidores","auditoria forense 2026-07-31"
"src/features/users/model/users-admin-actions.ts","projeto","feature","tracked","vistoriado","vistoriado — sem achado específico","informativa","manter sob os gates arquiteturais e funcionais aplicáveis","nenhuma inconsistência individual adicional foi confirmada nesta revisão","validação proporcional à categoria e aos consumidores","auditoria forense 2026-07-31"
"src/features/users/model/users-admin-policy.ts","projeto","feature","tracked","vistoriado","vistoriado — sem achado específico","informativa","manter sob os gates arquiteturais e funcionais aplicáveis","nenhuma inconsistência individual adicional foi confirmada nesta revisão","validação proporcional à categoria e aos consumidores","auditoria forense 2026-07-31"
"src/features/users/model/users-models.ts","projeto","feature","M","vistoriado","vistoriado — sem achado específico","informativa","manter sob os gates arquiteturais e funcionais aplicáveis","nenhuma inconsistência individual adicional foi confirmada nesta revisão","validação proporcional à categoria e aos consumidores","auditoria forense 2026-07-31"
"src/features/users/model/users-types.ts","projeto","feature","tracked","vistoriado","vistoriado — sem achado específico","informativa","manter sob os gates arquiteturais e funcionais aplicáveis","nenhuma inconsistência individual adicional foi confirmada nesta revisão","validação proporcional à categoria e aos consumidores","auditoria forense 2026-07-31"
"src/features/users/routes/users-route.tsx","projeto","feature","tracked","vistoriado","vistoriado — sem achado específico","informativa","manter sob os gates arquiteturais e funcionais aplicáveis","nenhuma inconsistência individual adicional foi confirmada nesta revisão","validação proporcional à categoria e aos consumidores","auditoria forense 2026-07-31"
"src/features/users/schemas/users-form-schema.ts","projeto","feature","tracked","vistoriado","vistoriado — sem achado específico","informativa","manter sob os gates arquiteturais e funcionais aplicáveis","nenhuma inconsistência individual adicional foi confirmada nesta revisão","validação proporcional à categoria e aos consumidores","auditoria forense 2026-07-31"
"src/features/users/schemas/users-gateway-schemas.ts","projeto","feature","M","vistoriado","vistoriado — sem achado específico","informativa","manter sob os gates arquiteturais e funcionais aplicáveis","nenhuma inconsistência individual adicional foi confirmada nesta revisão","validação proporcional à categoria e aos consumidores","auditoria forense 2026-07-31"
"src/features/users/services/users-service.ts","projeto","feature","tracked","vistoriado","vistoriado — sem achado específico","informativa","manter sob os gates arquiteturais e funcionais aplicáveis","nenhuma inconsistência individual adicional foi confirmada nesta revisão","validação proporcional à categoria e aos consumidores","auditoria forense 2026-07-31"
"src/features/users/table/users-columns.tsx","projeto","feature","tracked","vistoriado","vistoriado — sem achado específico","informativa","manter sob os gates arquiteturais e funcionais aplicáveis","nenhuma inconsistência individual adicional foi confirmada nesta revisão","validação proporcional à categoria e aos consumidores","auditoria forense 2026-07-31"
"src/features/users/table/users-filter-options.ts","projeto","feature","tracked","vistoriado","vistoriado — sem achado específico","informativa","manter sob os gates arquiteturais e funcionais aplicáveis","nenhuma inconsistência individual adicional foi confirmada nesta revisão","validação proporcional à categoria e aos consumidores","auditoria forense 2026-07-31"
"src/features/users/table/users-row-actions.ts","projeto","feature","tracked","vistoriado","vistoriado — sem achado específico","informativa","manter sob os gates arquiteturais e funcionais aplicáveis","nenhuma inconsistência individual adicional foi confirmada nesta revisão","validação proporcional à categoria e aos consumidores","auditoria forense 2026-07-31"
"src/features/users/table/users-table-ids.ts","projeto","feature","tracked","vistoriado","vistoriado — sem achado específico","informativa","manter sob os gates arquiteturais e funcionais aplicáveis","nenhuma inconsistência individual adicional foi confirmada nesta revisão","validação proporcional à categoria e aos consumidores","auditoria forense 2026-07-31"
"src/features/yard/routes/yard-route.tsx","projeto","feature","tracked","vistoriado","capacidade sem contrato produtivo real","alta","manter fora do registro e da navegação de produção","impede que preview ou placeholder seja apresentado como operação real","teste do registro de rotas e inspeção do bundle produtivo","plano §2 Rotas sem capacidade produtiva"
"src/features/yard/yard-copy.ts","projeto","feature","tracked","vistoriado","capacidade sem contrato produtivo real","alta","manter fora do registro e da navegação de produção","impede que preview ou placeholder seja apresentado como operação real","teste do registro de rotas e inspeção do bundle produtivo","plano §2 Rotas sem capacidade produtiva"
"src/hooks/README.md","projeto","código de aplicação","tracked","vistoriado","vistoriado — sem achado específico","informativa","manter sob os gates arquiteturais e funcionais aplicáveis","nenhuma inconsistência individual adicional foi confirmada nesta revisão","validação proporcional à categoria e aos consumidores","auditoria forense 2026-07-31"
"src/hooks/use-async-snapshot.ts","projeto","código de aplicação","tracked","vistoriado","vistoriado — sem achado específico","informativa","manter sob os gates arquiteturais e funcionais aplicáveis","nenhuma inconsistência individual adicional foi confirmada nesta revisão","validação proporcional à categoria e aos consumidores","auditoria forense 2026-07-31"
"src/hooks/use-controllable-open.ts","projeto","código de aplicação","tracked","vistoriado","vistoriado — sem achado específico","informativa","manter sob os gates arquiteturais e funcionais aplicáveis","nenhuma inconsistência individual adicional foi confirmada nesta revisão","validação proporcional à categoria e aos consumidores","auditoria forense 2026-07-31"
"src/hooks/use-media-query.ts","projeto","código de aplicação","tracked","vistoriado","vistoriado — sem achado específico","informativa","manter sob os gates arquiteturais e funcionais aplicáveis","nenhuma inconsistência individual adicional foi confirmada nesta revisão","validação proporcional à categoria e aos consumidores","auditoria forense 2026-07-31"
"src/hooks/use-mobile.ts","projeto","código de aplicação","tracked","vistoriado","vistoriado — sem achado específico","informativa","manter sob os gates arquiteturais e funcionais aplicáveis","nenhuma inconsistência individual adicional foi confirmada nesta revisão","validação proporcional à categoria e aos consumidores","auditoria forense 2026-07-31"
"src/index.css","projeto","código de aplicação","M","vistoriado","vistoriado — sem achado específico","informativa","manter sob os gates arquiteturais e funcionais aplicáveis","nenhuma inconsistência individual adicional foi confirmada nesta revisão","validação proporcional à categoria e aos consumidores","auditoria forense 2026-07-31"
"src/lib/README.md","projeto","código de aplicação","tracked","vistoriado","vistoriado — sem achado específico","informativa","manter sob os gates arquiteturais e funcionais aplicáveis","nenhuma inconsistência individual adicional foi confirmada nesta revisão","validação proporcional à categoria e aos consumidores","auditoria forense 2026-07-31"
"src/lib/badge.ts","projeto","código de aplicação","M","vistoriado","vistoriado — sem achado específico","informativa","manter sob os gates arquiteturais e funcionais aplicáveis","nenhuma inconsistência individual adicional foi confirmada nesta revisão","validação proporcional à categoria e aos consumidores","auditoria forense 2026-07-31"
"src/lib/cpf.ts","projeto","código de aplicação","tracked","vistoriado","vistoriado — sem achado específico","informativa","manter sob os gates arquiteturais e funcionais aplicáveis","nenhuma inconsistência individual adicional foi confirmada nesta revisão","validação proporcional à categoria e aos consumidores","auditoria forense 2026-07-31"
"src/lib/dialog-interactions.ts","projeto","código de aplicação","tracked","vistoriado","vistoriado — sem achado específico","informativa","manter sob os gates arquiteturais e funcionais aplicáveis","nenhuma inconsistência individual adicional foi confirmada nesta revisão","validação proporcional à categoria e aos consumidores","auditoria forense 2026-07-31"
"src/lib/errors.ts","projeto","código de aplicação","tracked","vistoriado","vistoriado — sem achado específico","informativa","manter sob os gates arquiteturais e funcionais aplicáveis","nenhuma inconsistência individual adicional foi confirmada nesta revisão","validação proporcional à categoria e aos consumidores","auditoria forense 2026-07-31"
"src/lib/export/crc32.ts","projeto","código de aplicação","tracked","vistoriado","vistoriado — sem achado específico","informativa","manter sob os gates arquiteturais e funcionais aplicáveis","nenhuma inconsistência individual adicional foi confirmada nesta revisão","validação proporcional à categoria e aos consumidores","auditoria forense 2026-07-31"
"src/lib/export/download.ts","projeto","código de aplicação","tracked","vistoriado","vistoriado — sem achado específico","informativa","manter sob os gates arquiteturais e funcionais aplicáveis","nenhuma inconsistência individual adicional foi confirmada nesta revisão","validação proporcional à categoria e aos consumidores","auditoria forense 2026-07-31"
"src/lib/export/index.ts","projeto","código de aplicação","tracked","vistoriado","vistoriado — sem achado específico","informativa","manter sob os gates arquiteturais e funcionais aplicáveis","nenhuma inconsistência individual adicional foi confirmada nesta revisão","validação proporcional à categoria e aos consumidores","auditoria forense 2026-07-31"
"src/lib/export/table-export.ts","projeto","código de aplicação","tracked","vistoriado","vistoriado — sem achado específico","informativa","manter sob os gates arquiteturais e funcionais aplicáveis","nenhuma inconsistência individual adicional foi confirmada nesta revisão","validação proporcional à categoria e aos consumidores","auditoria forense 2026-07-31"
"src/lib/export/xlsx.ts","projeto","código de aplicação","tracked","vistoriado","vistoriado — sem achado específico","informativa","manter sob os gates arquiteturais e funcionais aplicáveis","nenhuma inconsistência individual adicional foi confirmada nesta revisão","validação proporcional à categoria e aos consumidores","auditoria forense 2026-07-31"
"src/lib/export/zip.ts","projeto","código de aplicação","tracked","vistoriado","vistoriado — sem achado específico","informativa","manter sob os gates arquiteturais e funcionais aplicáveis","nenhuma inconsistência individual adicional foi confirmada nesta revisão","validação proporcional à categoria e aos consumidores","auditoria forense 2026-07-31"
"src/lib/formatters.ts","projeto","código de aplicação","tracked","vistoriado","vistoriado — sem achado específico","informativa","manter sob os gates arquiteturais e funcionais aplicáveis","nenhuma inconsistência individual adicional foi confirmada nesta revisão","validação proporcional à categoria e aos consumidores","auditoria forense 2026-07-31"
"src/lib/index.ts","projeto","código de aplicação","tracked","vistoriado","vistoriado — sem achado específico","informativa","manter sob os gates arquiteturais e funcionais aplicáveis","nenhuma inconsistência individual adicional foi confirmada nesta revisão","validação proporcional à categoria e aos consumidores","auditoria forense 2026-07-31"
"src/lib/is-renderable.ts","projeto","código de aplicação","tracked","vistoriado","vistoriado — sem achado específico","informativa","manter sob os gates arquiteturais e funcionais aplicáveis","nenhuma inconsistência individual adicional foi confirmada nesta revisão","validação proporcional à categoria e aos consumidores","auditoria forense 2026-07-31"
"src/lib/normalize.ts","projeto","código de aplicação","tracked","vistoriado","vistoriado — sem achado específico","informativa","manter sob os gates arquiteturais e funcionais aplicáveis","nenhuma inconsistência individual adicional foi confirmada nesta revisão","validação proporcional à categoria e aos consumidores","auditoria forense 2026-07-31"
"src/lib/phone.ts","projeto","código de aplicação","tracked","vistoriado","vistoriado — sem achado específico","informativa","manter sob os gates arquiteturais e funcionais aplicáveis","nenhuma inconsistência individual adicional foi confirmada nesta revisão","validação proporcional à categoria e aos consumidores","auditoria forense 2026-07-31"
"src/lib/sensitive-display.ts","projeto","código de aplicação","tracked","vistoriado","vistoriado — sem achado específico","informativa","manter sob os gates arquiteturais e funcionais aplicáveis","nenhuma inconsistência individual adicional foi confirmada nesta revisão","validação proporcional à categoria e aos consumidores","auditoria forense 2026-07-31"
"src/lib/supabase-auth-session.ts","projeto","código de aplicação","tracked","vistoriado","vistoriado — sem achado específico","informativa","manter sob os gates arquiteturais e funcionais aplicáveis","nenhuma inconsistência individual adicional foi confirmada nesta revisão","validação proporcional à categoria e aos consumidores","auditoria forense 2026-07-31"
"src/lib/supabase-browser.ts","projeto","código de aplicação","tracked","vistoriado","vistoriado — sem achado específico","informativa","manter sob os gates arquiteturais e funcionais aplicáveis","nenhuma inconsistência individual adicional foi confirmada nesta revisão","validação proporcional à categoria e aos consumidores","auditoria forense 2026-07-31"
"src/lib/utils.ts","projeto","código de aplicação","tracked","vistoriado","vistoriado — sem achado específico","informativa","manter sob os gates arquiteturais e funcionais aplicáveis","nenhuma inconsistência individual adicional foi confirmada nesta revisão","validação proporcional à categoria e aos consumidores","auditoria forense 2026-07-31"
"src/main.tsx","projeto","código de aplicação","tracked","vistoriado","vistoriado — sem achado específico","informativa","manter sob os gates arquiteturais e funcionais aplicáveis","nenhuma inconsistência individual adicional foi confirmada nesta revisão","validação proporcional à categoria e aos consumidores","auditoria forense 2026-07-31"
"src/vite-env.d.ts","projeto","código de aplicação","tracked","vistoriado","vistoriado — sem achado específico","informativa","manter sob os gates arquiteturais e funcionais aplicáveis","nenhuma inconsistência individual adicional foi confirmada nesta revisão","validação proporcional à categoria e aos consumidores","auditoria forense 2026-07-31"
"supabase/.gitignore","projeto","arquivo de projeto","tracked","vistoriado","vistoriado — sem achado específico","informativa","manter sob os gates arquiteturais e funcionais aplicáveis","nenhuma inconsistência individual adicional foi confirmada nesta revisão","validação proporcional à categoria e aos consumidores","auditoria forense 2026-07-31"
"supabase/config.toml","projeto","configuração","M","vistoriado","vistoriado — sem achado específico","informativa","manter sob os gates arquiteturais e funcionais aplicáveis","nenhuma inconsistência individual adicional foi confirmada nesta revisão","validação proporcional à categoria e aos consumidores","auditoria forense 2026-07-31"
"supabase/functions/.env.example","projeto","Edge Function","tracked","vistoriado","vistoriado — sem achado específico","informativa","manter sob os gates arquiteturais e funcionais aplicáveis","nenhuma inconsistência individual adicional foi confirmada nesta revisão","validação proporcional à categoria e aos consumidores","auditoria forense 2026-07-31"
"supabase/functions/_shared/admin-users.ts","projeto","Edge Function","tracked","vistoriado","vistoriado — sem achado específico","informativa","manter sob os gates arquiteturais e funcionais aplicáveis","nenhuma inconsistência individual adicional foi confirmada nesta revisão","validação proporcional à categoria e aos consumidores","auditoria forense 2026-07-31"
"supabase/functions/_shared/auth-audit.ts","projeto","Edge Function","tracked","vistoriado","vistoriado — sem achado específico","informativa","manter sob os gates arquiteturais e funcionais aplicáveis","nenhuma inconsistência individual adicional foi confirmada nesta revisão","validação proporcional à categoria e aos consumidores","auditoria forense 2026-07-31"
"supabase/functions/_shared/auth-context.ts","projeto","Edge Function","tracked","vistoriado","vistoriado — sem achado específico","informativa","manter sob os gates arquiteturais e funcionais aplicáveis","nenhuma inconsistência individual adicional foi confirmada nesta revisão","validação proporcional à categoria e aos consumidores","auditoria forense 2026-07-31"
"supabase/functions/_shared/auth-cors.ts","projeto","Edge Function","tracked","vistoriado","vistoriado — sem achado específico","informativa","manter sob os gates arquiteturais e funcionais aplicáveis","nenhuma inconsistência individual adicional foi confirmada nesta revisão","validação proporcional à categoria e aos consumidores","auditoria forense 2026-07-31"
"supabase/functions/_shared/auth-cpf.ts","projeto","Edge Function","tracked","vistoriado","vistoriado — sem achado específico","informativa","manter sob os gates arquiteturais e funcionais aplicáveis","nenhuma inconsistência individual adicional foi confirmada nesta revisão","validação proporcional à categoria e aos consumidores","auditoria forense 2026-07-31"
"supabase/functions/_shared/auth-rate-limit.ts","projeto","Edge Function","tracked","vistoriado","vistoriado — sem achado específico","informativa","manter sob os gates arquiteturais e funcionais aplicáveis","nenhuma inconsistência individual adicional foi confirmada nesta revisão","validação proporcional à categoria e aos consumidores","auditoria forense 2026-07-31"
"supabase/functions/_shared/auth-responses.ts","projeto","Edge Function","tracked","vistoriado","vistoriado — sem achado específico","informativa","manter sob os gates arquiteturais e funcionais aplicáveis","nenhuma inconsistência individual adicional foi confirmada nesta revisão","validação proporcional à categoria e aos consumidores","auditoria forense 2026-07-31"
"supabase/functions/_shared/auth-session.ts","projeto","Edge Function","tracked","vistoriado","vistoriado — sem achado específico","informativa","manter sob os gates arquiteturais e funcionais aplicáveis","nenhuma inconsistência individual adicional foi confirmada nesta revisão","validação proporcional à categoria e aos consumidores","auditoria forense 2026-07-31"
"supabase/functions/_shared/auth-sessions.ts","projeto","Edge Function","tracked","vistoriado","vistoriado — sem achado específico","informativa","manter sob os gates arquiteturais e funcionais aplicáveis","nenhuma inconsistência individual adicional foi confirmada nesta revisão","validação proporcional à categoria e aos consumidores","auditoria forense 2026-07-31"
"supabase/functions/_shared/auth-supabase-admin.ts","projeto","Edge Function","tracked","vistoriado","vistoriado — sem achado específico","informativa","manter sob os gates arquiteturais e funcionais aplicáveis","nenhuma inconsistência individual adicional foi confirmada nesta revisão","validação proporcional à categoria e aos consumidores","auditoria forense 2026-07-31"
"supabase/functions/_shared/auth-validation.ts","projeto","Edge Function","tracked","vistoriado","vistoriado — sem achado específico","informativa","manter sob os gates arquiteturais e funcionais aplicáveis","nenhuma inconsistência individual adicional foi confirmada nesta revisão","validação proporcional à categoria e aos consumidores","auditoria forense 2026-07-31"
"supabase/functions/_shared/erp-fetch-retry.ts","projeto","Edge Function","tracked","vistoriado","vistoriado — sem achado específico","informativa","manter sob os gates arquiteturais e funcionais aplicáveis","nenhuma inconsistência individual adicional foi confirmada nesta revisão","validação proporcional à categoria e aos consumidores","auditoria forense 2026-07-31"
"supabase/functions/_shared/erp-url.ts","projeto","Edge Function","tracked","vistoriado","vistoriado — sem achado específico","informativa","manter sob os gates arquiteturais e funcionais aplicáveis","nenhuma inconsistência individual adicional foi confirmada nesta revisão","validação proporcional à categoria e aos consumidores","auditoria forense 2026-07-31"
"supabase/functions/_shared/index.ts","projeto","Edge Function","tracked","vistoriado","vistoriado — sem achado específico","informativa","manter sob os gates arquiteturais e funcionais aplicáveis","nenhuma inconsistência individual adicional foi confirmada nesta revisão","validação proporcional à categoria e aos consumidores","auditoria forense 2026-07-31"
"supabase/functions/admin-recovery-review/index.ts","projeto","Edge Function","tracked","vistoriado","vistoriado — sem achado específico","informativa","manter sob os gates arquiteturais e funcionais aplicáveis","nenhuma inconsistência individual adicional foi confirmada nesta revisão","validação proporcional à categoria e aos consumidores","auditoria forense 2026-07-31"
"supabase/functions/admin-user-auth-factors/index.ts","projeto","Edge Function","tracked","vistoriado","vistoriado — sem achado específico","informativa","manter sob os gates arquiteturais e funcionais aplicáveis","nenhuma inconsistência individual adicional foi confirmada nesta revisão","validação proporcional à categoria e aos consumidores","auditoria forense 2026-07-31"
"supabase/functions/admin-user-block/index.ts","projeto","Edge Function","tracked","vistoriado","vistoriado — sem achado específico","informativa","manter sob os gates arquiteturais e funcionais aplicáveis","nenhuma inconsistência individual adicional foi confirmada nesta revisão","validação proporcional à categoria e aos consumidores","auditoria forense 2026-07-31"
"supabase/functions/admin-user-clear-lock/index.ts","projeto","Edge Function","tracked","vistoriado","vistoriado — sem achado específico","informativa","manter sob os gates arquiteturais e funcionais aplicáveis","nenhuma inconsistência individual adicional foi confirmada nesta revisão","validação proporcional à categoria e aos consumidores","auditoria forense 2026-07-31"
"supabase/functions/admin-user-create/index.ts","projeto","Edge Function","tracked","vistoriado","vistoriado — sem achado específico","informativa","manter sob os gates arquiteturais e funcionais aplicáveis","nenhuma inconsistência individual adicional foi confirmada nesta revisão","validação proporcional à categoria e aos consumidores","auditoria forense 2026-07-31"
"supabase/functions/admin-user-reset-passkey/index.ts","projeto","Edge Function","tracked","vistoriado","vistoriado — sem achado específico","informativa","manter sob os gates arquiteturais e funcionais aplicáveis","nenhuma inconsistência individual adicional foi confirmada nesta revisão","validação proporcional à categoria e aos consumidores","auditoria forense 2026-07-31"
"supabase/functions/admin-user-reset-password/index.ts","projeto","Edge Function","tracked","vistoriado","vistoriado — sem achado específico","informativa","manter sob os gates arquiteturais e funcionais aplicáveis","nenhuma inconsistência individual adicional foi confirmada nesta revisão","validação proporcional à categoria e aos consumidores","auditoria forense 2026-07-31"
"supabase/functions/admin-user-revoke-sessions/index.ts","projeto","Edge Function","tracked","vistoriado","vistoriado — sem achado específico","informativa","manter sob os gates arquiteturais e funcionais aplicáveis","nenhuma inconsistência individual adicional foi confirmada nesta revisão","validação proporcional à categoria e aos consumidores","auditoria forense 2026-07-31"
"supabase/functions/admin-user-update/index.ts","projeto","Edge Function","tracked","vistoriado","vistoriado — sem achado específico","informativa","manter sob os gates arquiteturais e funcionais aplicáveis","nenhuma inconsistência individual adicional foi confirmada nesta revisão","validação proporcional à categoria e aos consumidores","auditoria forense 2026-07-31"
"supabase/functions/auth-complete-passkey/index.ts","projeto","Edge Function","tracked","vistoriado","vistoriado — sem achado específico","informativa","manter sob os gates arquiteturais e funcionais aplicáveis","nenhuma inconsistência individual adicional foi confirmada nesta revisão","validação proporcional à categoria e aos consumidores","auditoria forense 2026-07-31"
"supabase/functions/auth-passkey-login/index.ts","projeto","Edge Function","tracked","vistoriado","vistoriado — sem achado específico","informativa","manter sob os gates arquiteturais e funcionais aplicáveis","nenhuma inconsistência individual adicional foi confirmada nesta revisão","validação proporcional à categoria e aos consumidores","auditoria forense 2026-07-31"
"supabase/functions/auth-password/auth-password-contracts.ts","projeto","Edge Function","tracked","vistoriado","vistoriado — sem achado específico","informativa","manter sob os gates arquiteturais e funcionais aplicáveis","nenhuma inconsistência individual adicional foi confirmada nesta revisão","validação proporcional à categoria e aos consumidores","auditoria forense 2026-07-31"
"supabase/functions/auth-password/auth-password-flow.ts","projeto","Edge Function","tracked","vistoriado","vistoriado — sem achado específico","informativa","manter sob os gates arquiteturais e funcionais aplicáveis","nenhuma inconsistência individual adicional foi confirmada nesta revisão","validação proporcional à categoria e aos consumidores","auditoria forense 2026-07-31"
"supabase/functions/auth-password/auth-password-security.ts","projeto","Edge Function","tracked","vistoriado","vistoriado — sem achado específico","informativa","manter sob os gates arquiteturais e funcionais aplicáveis","nenhuma inconsistência individual adicional foi confirmada nesta revisão","validação proporcional à categoria e aos consumidores","auditoria forense 2026-07-31"
"supabase/functions/auth-password/index.ts","projeto","Edge Function","tracked","vistoriado","vistoriado — sem achado específico","informativa","manter sob os gates arquiteturais e funcionais aplicáveis","nenhuma inconsistência individual adicional foi confirmada nesta revisão","validação proporcional à categoria e aos consumidores","auditoria forense 2026-07-31"
"supabase/functions/auth-recovery-request/index.ts","projeto","Edge Function","tracked","vistoriado","vistoriado — sem achado específico","informativa","manter sob os gates arquiteturais e funcionais aplicáveis","nenhuma inconsistência individual adicional foi confirmada nesta revisão","validação proporcional à categoria e aos consumidores","auditoria forense 2026-07-31"
"supabase/functions/auth-register-passkey/index.ts","projeto","Edge Function","tracked","vistoriado","vistoriado — sem achado específico","informativa","manter sob os gates arquiteturais e funcionais aplicáveis","nenhuma inconsistência individual adicional foi confirmada nesta revisão","validação proporcional à categoria e aos consumidores","auditoria forense 2026-07-31"
"supabase/functions/clients-sync/deduplicate-vehicles.ts","projeto","Edge Function","??","vistoriado","vistoriado — sem achado específico","informativa","manter sob os gates arquiteturais e funcionais aplicáveis","nenhuma inconsistência individual adicional foi confirmada nesta revisão","validação proporcional à categoria e aos consumidores","auditoria forense 2026-07-31"
"supabase/functions/clients-sync/index.ts","projeto","Edge Function","M","vistoriado","vistoriado — sem achado específico","informativa","manter sob os gates arquiteturais e funcionais aplicáveis","nenhuma inconsistência individual adicional foi confirmada nesta revisão","validação proporcional à categoria e aos consumidores","auditoria forense 2026-07-31"
"supabase/functions/clients-sync/source-hash.ts","projeto","Edge Function","??","vistoriado","vistoriado — sem achado específico","informativa","manter sob os gates arquiteturais e funcionais aplicáveis","nenhuma inconsistência individual adicional foi confirmada nesta revisão","validação proporcional à categoria e aos consumidores","auditoria forense 2026-07-31"
"supabase/functions/clients-sync/sync-cursor.ts","projeto","Edge Function","??","vistoriado","vistoriado — sem achado específico","informativa","manter sob os gates arquiteturais e funcionais aplicáveis","nenhuma inconsistência individual adicional foi confirmada nesta revisão","validação proporcional à categoria e aos consumidores","auditoria forense 2026-07-31"
"supabase/functions/clients-sync/vehicle-partition.ts","projeto","Edge Function","??","vistoriado","vistoriado — sem achado específico","informativa","manter sob os gates arquiteturais e funcionais aplicáveis","nenhuma inconsistência individual adicional foi confirmada nesta revisão","validação proporcional à categoria e aos consumidores","auditoria forense 2026-07-31"
"supabase/functions/list-permission-matrix/index.ts","projeto","Edge Function","tracked","vistoriado","vistoriado — sem achado específico","informativa","manter sob os gates arquiteturais e funcionais aplicáveis","nenhuma inconsistência individual adicional foi confirmada nesta revisão","validação proporcional à categoria e aos consumidores","auditoria forense 2026-07-31"
"supabase/functions/profile-change-password/index.ts","projeto","Edge Function","tracked","vistoriado","vistoriado — sem achado específico","informativa","manter sob os gates arquiteturais e funcionais aplicáveis","nenhuma inconsistência individual adicional foi confirmada nesta revisão","validação proporcional à categoria e aos consumidores","auditoria forense 2026-07-31"
"supabase/functions/profile-update/index.ts","projeto","Edge Function","tracked","vistoriado","vistoriado — sem achado específico","informativa","manter sob os gates arquiteturais e funcionais aplicáveis","nenhuma inconsistência individual adicional foi confirmada nesta revisão","validação proporcional à categoria e aos consumidores","auditoria forense 2026-07-31"
"supabase/functions/units-sync/index.ts","projeto","Edge Function","tracked","vistoriado","vistoriado — sem achado específico","informativa","manter sob os gates arquiteturais e funcionais aplicáveis","nenhuma inconsistência individual adicional foi confirmada nesta revisão","validação proporcional à categoria e aos consumidores","auditoria forense 2026-07-31"
"supabase/migrations/0001_auth_domain_schema.sql","projeto","migration histórica","tracked","vistoriado","vistoriado — migration histórica imutável","informativa","não reescrever; corrigir somente por migration aditiva","preserva a cadeia aplicada e a reprodutibilidade","supabase db reset, lint e testes RLS no estado final","Supabase migrations; plano §6"
"supabase/migrations/0002_auth_rls_policies.sql","projeto","migration histórica","tracked","vistoriado","vistoriado — migration histórica imutável","informativa","não reescrever; corrigir somente por migration aditiva","preserva a cadeia aplicada e a reprodutibilidade","supabase db reset, lint e testes RLS no estado final","Supabase migrations; plano §6"
"supabase/migrations/0003_auth_audit_rate_limit.sql","projeto","migration histórica","tracked","vistoriado","vistoriado — migration histórica imutável","informativa","não reescrever; corrigir somente por migration aditiva","preserva a cadeia aplicada e a reprodutibilidade","supabase db reset, lint e testes RLS no estado final","Supabase migrations; plano §6"
"supabase/migrations/0004_auth_recovery_requests.sql","projeto","migration histórica","tracked","vistoriado","vistoriado — migration histórica imutável","informativa","não reescrever; corrigir somente por migration aditiva","preserva a cadeia aplicada e a reprodutibilidade","supabase db reset, lint e testes RLS no estado final","Supabase migrations; plano §6"
"supabase/migrations/0005_auth_session_revocation.sql","projeto","migration histórica","tracked","vistoriado","vistoriado — migration histórica imutável","informativa","não reescrever; corrigir somente por migration aditiva","preserva a cadeia aplicada e a reprodutibilidade","supabase db reset, lint e testes RLS no estado final","Supabase migrations; plano §6"
"supabase/migrations/0006_fix_rls_recursion.sql","projeto","migration histórica","tracked","vistoriado","vistoriado — migration histórica imutável","informativa","não reescrever; corrigir somente por migration aditiva","preserva a cadeia aplicada e a reprodutibilidade","supabase db reset, lint e testes RLS no estado final","Supabase migrations; plano §6"
"supabase/migrations/0007_units_sync_schema.sql","projeto","migration histórica","tracked","vistoriado","vistoriado — migration histórica imutável","informativa","não reescrever; corrigir somente por migration aditiva","preserva a cadeia aplicada e a reprodutibilidade","supabase db reset, lint e testes RLS no estado final","Supabase migrations; plano §6"
"supabase/migrations/0008_units_sync_cron.sql","projeto","migration histórica","tracked","vistoriado","vistoriado — migration histórica imutável","informativa","não reescrever; corrigir somente por migration aditiva","preserva a cadeia aplicada e a reprodutibilidade","supabase db reset, lint e testes RLS no estado final","Supabase migrations; plano §6"
"supabase/migrations/0009_clients_sync_schema.sql","projeto","migration histórica","tracked","vistoriado","vistoriado — migration histórica imutável","informativa","não reescrever; corrigir somente por migration aditiva","preserva a cadeia aplicada e a reprodutibilidade","supabase db reset, lint e testes RLS no estado final","Supabase migrations; plano §6"
"supabase/migrations/0010_clients_sync_cron.sql","projeto","migration histórica","tracked","vistoriado","vistoriado — migration histórica imutável","informativa","não reescrever; corrigir somente por migration aditiva","preserva a cadeia aplicada e a reprodutibilidade","supabase db reset, lint e testes RLS no estado final","Supabase migrations; plano §6"
"supabase/migrations/0011_sync_locks.sql","projeto","migration histórica","tracked","vistoriado","vistoriado — migration histórica imutável","informativa","não reescrever; corrigir somente por migration aditiva","preserva a cadeia aplicada e a reprodutibilidade","supabase db reset, lint e testes RLS no estado final","Supabase migrations; plano §6"
"supabase/migrations/0012_users_last_access.sql","projeto","migration histórica","tracked","vistoriado","vistoriado — migration histórica imutável","informativa","não reescrever; corrigir somente por migration aditiva","preserva a cadeia aplicada e a reprodutibilidade","supabase db reset, lint e testes RLS no estado final","Supabase migrations; plano §6"
"supabase/migrations/20260707175314_user_display_pii_and_auth_grants.sql","projeto","migration histórica","tracked","vistoriado","vistoriado — migration histórica imutável","informativa","não reescrever; corrigir somente por migration aditiva","preserva a cadeia aplicada e a reprodutibilidade","supabase db reset, lint e testes RLS no estado final","Supabase migrations; plano §6"
"supabase/migrations/20260708182449_notifications_passkey_auth_hardening.sql","projeto","migration histórica","tracked","vistoriado","vistoriado — migration histórica imutável","informativa","não reescrever; corrigir somente por migration aditiva","preserva a cadeia aplicada e a reprodutibilidade","supabase db reset, lint e testes RLS no estado final","Supabase migrations; plano §6"
"supabase/migrations/20260709084549_commercial_prices_rules.sql","projeto","migration histórica","tracked","vistoriado","vistoriado — migration histórica imutável","informativa","não reescrever; corrigir somente por migration aditiva","preserva a cadeia aplicada e a reprodutibilidade","supabase db reset, lint e testes RLS no estado final","Supabase migrations; plano §6"
"supabase/migrations/20260709104537_auth_function_privileges_hardening.sql","projeto","migration histórica","tracked","vistoriado","vistoriado — migration histórica imutável","informativa","não reescrever; corrigir somente por migration aditiva","preserva a cadeia aplicada e a reprodutibilidade","supabase db reset, lint e testes RLS no estado final","Supabase migrations; plano §6"
"supabase/migrations/20260709165446_security_advisor_hardening.sql","projeto","migration histórica","tracked","vistoriado","vistoriado — migration histórica imutável","informativa","não reescrever; corrigir somente por migration aditiva","preserva a cadeia aplicada e a reprodutibilidade","supabase db reset, lint e testes RLS no estado final","Supabase migrations; plano §6"
"supabase/migrations/20260709165532_fix_clients_sync_cron_incremental_command.sql","projeto","migration histórica","tracked","vistoriado","vistoriado — migration histórica imutável","informativa","não reescrever; corrigir somente por migration aditiva","preserva a cadeia aplicada e a reprodutibilidade","supabase db reset, lint e testes RLS no estado final","Supabase migrations; plano §6"
"supabase/migrations/20260709165731_commercial_policies_deduplicate.sql","projeto","migration histórica","tracked","vistoriado","vistoriado — migration histórica imutável","informativa","não reescrever; corrigir somente por migration aditiva","preserva a cadeia aplicada e a reprodutibilidade","supabase db reset, lint e testes RLS no estado final","Supabase migrations; plano §6"
"supabase/migrations/20260709165905_public_security_definer_surface_hardening.sql","projeto","migration histórica","tracked","vistoriado","vistoriado — migration histórica imutável","informativa","não reescrever; corrigir somente por migration aditiva","preserva a cadeia aplicada e a reprodutibilidade","supabase db reset, lint e testes RLS no estado final","Supabase migrations; plano §6"
"supabase/migrations/20260709170042_private_sync_cron_admin_functions.sql","projeto","migration histórica","tracked","vistoriado","vistoriado — migration histórica imutável","informativa","não reescrever; corrigir somente por migration aditiva","preserva a cadeia aplicada e a reprodutibilidade","supabase db reset, lint e testes RLS no estado final","Supabase migrations; plano §6"
"supabase/migrations/20260710043000_auth_permissions_profile.sql","projeto","migration histórica","tracked","vistoriado","vistoriado — migration histórica imutável","informativa","não reescrever; corrigir somente por migration aditiva","preserva a cadeia aplicada e a reprodutibilidade","supabase db reset, lint e testes RLS no estado final","Supabase migrations; plano §6"
"supabase/migrations/20260710150000_notifications_realtime_sync_hardening.sql","projeto","migration histórica","tracked","vistoriado","vistoriado — migration histórica imutável","informativa","não reescrever; corrigir somente por migration aditiva","preserva a cadeia aplicada e a reprodutibilidade","supabase db reset, lint e testes RLS no estado final","Supabase migrations; plano §6"
"supabase/migrations/20260710173000_users_security_performance_hardening.sql","projeto","migration histórica","tracked","vistoriado","vistoriado — migration histórica imutável","informativa","não reescrever; corrigir somente por migration aditiva","preserva a cadeia aplicada e a reprodutibilidade","supabase db reset, lint e testes RLS no estado final","Supabase migrations; plano §6"
"supabase/migrations/20260710203000_users_admin_forensic_v2.sql","projeto","migration histórica","tracked","vistoriado","vistoriado — migration histórica imutável","informativa","não reescrever; corrigir somente por migration aditiva","preserva a cadeia aplicada e a reprodutibilidade","supabase db reset, lint e testes RLS no estado final","Supabase migrations; plano §6"
"supabase/migrations/20260710223000_permissions_matrix.sql","projeto","migration histórica","tracked","vistoriado","vistoriado — migration histórica imutável","informativa","não reescrever; corrigir somente por migration aditiva","preserva a cadeia aplicada e a reprodutibilidade","supabase db reset, lint e testes RLS no estado final","Supabase migrations; plano §6"
"supabase/migrations/20260711120000_notifications_production_hardening.sql","projeto","migration histórica","tracked","vistoriado","vistoriado — migration histórica imutável","informativa","não reescrever; corrigir somente por migration aditiva","preserva a cadeia aplicada e a reprodutibilidade","supabase db reset, lint e testes RLS no estado final","Supabase migrations; plano §6"
"supabase/migrations/20260713170614_unify_permission_authorization.sql","projeto","migration histórica","tracked","vistoriado","vistoriado — migration histórica imutável","informativa","não reescrever; corrigir somente por migration aditiva","preserva a cadeia aplicada e a reprodutibilidade","supabase db reset, lint e testes RLS no estado final","Supabase migrations; plano §6"
"supabase/migrations/20260714144247_unify_access_request_permission_policies.sql","projeto","migration histórica","tracked","vistoriado","vistoriado — migration histórica imutável","informativa","não reescrever; corrigir somente por migration aditiva","preserva a cadeia aplicada e a reprodutibilidade","supabase db reset, lint e testes RLS no estado final","Supabase migrations; plano §6"
"supabase/migrations/20260714152914_profile_avatar_settings.sql","projeto","migration histórica","tracked","vistoriado","vistoriado — migration histórica imutável","informativa","não reescrever; corrigir somente por migration aditiva","preserva a cadeia aplicada e a reprodutibilidade","supabase db reset, lint e testes RLS no estado final","Supabase migrations; plano §6"
"supabase/migrations/20260714170000_profile_phone_display.sql","projeto","migration histórica","tracked","vistoriado","vistoriado — migration histórica imutável","informativa","não reescrever; corrigir somente por migration aditiva","preserva a cadeia aplicada e a reprodutibilidade","supabase db reset, lint e testes RLS no estado final","Supabase migrations; plano §6"
"supabase/migrations/20260714173644_commercial_rules_dynamic_types.sql","projeto","migration histórica","tracked","vistoriado","vistoriado — migration histórica imutável","informativa","não reescrever; corrigir somente por migration aditiva","preserva a cadeia aplicada e a reprodutibilidade","supabase db reset, lint e testes RLS no estado final","Supabase migrations; plano §6"
"supabase/migrations/20260714173744_commercial_rules_dynamic_payloads.sql","projeto","migration histórica","tracked","vistoriado","vistoriado — migration histórica imutável","informativa","não reescrever; corrigir somente por migration aditiva","preserva a cadeia aplicada e a reprodutibilidade","supabase db reset, lint e testes RLS no estado final","Supabase migrations; plano §6"
"supabase/migrations/20260714235239_commercial_rules_yard_cleaning_combined.sql","projeto","migration histórica","tracked","vistoriado","vistoriado — migration histórica imutável","informativa","não reescrever; corrigir somente por migration aditiva","preserva a cadeia aplicada e a reprodutibilidade","supabase db reset, lint e testes RLS no estado final","Supabase migrations; plano §6"
"supabase/migrations/20260714235432_commercial_rules_yard_cleaning_payload.sql","projeto","migration histórica","tracked","vistoriado","vistoriado — migration histórica imutável","informativa","não reescrever; corrigir somente por migration aditiva","preserva a cadeia aplicada e a reprodutibilidade","supabase db reset, lint e testes RLS no estado final","Supabase migrations; plano §6"
"supabase/migrations/20260715002310_auth_atomicity_and_public_surface_hardening.sql","projeto","migration histórica","tracked","vistoriado","vistoriado — migration histórica imutável","informativa","não reescrever; corrigir somente por migration aditiva","preserva a cadeia aplicada e a reprodutibilidade","supabase db reset, lint e testes RLS no estado final","Supabase migrations; plano §6"
"supabase/migrations/20260715013441_remote_lint_function_fixes.sql","projeto","migration histórica","tracked","vistoriado","vistoriado — migration histórica imutável","informativa","não reescrever; corrigir somente por migration aditiva","preserva a cadeia aplicada e a reprodutibilidade","supabase db reset, lint e testes RLS no estado final","Supabase migrations; plano §6"
"supabase/migrations/20260717140800_notification_read_status_lint_fix.sql","projeto","migration histórica","tracked","vistoriado","vistoriado — migration histórica imutável","informativa","não reescrever; corrigir somente por migration aditiva","preserva a cadeia aplicada e a reprodutibilidade","supabase db reset, lint e testes RLS no estado final","Supabase migrations; plano §6"
"supabase/migrations/20260717155633_remove_admin_justifications_and_phone_requests.sql","projeto","migration histórica","tracked","vistoriado","vistoriado — migration histórica imutável","informativa","não reescrever; corrigir somente por migration aditiva","preserva a cadeia aplicada e a reprodutibilidade","supabase db reset, lint e testes RLS no estado final","Supabase migrations; plano §6"
"supabase/migrations/20260717163000_profile_display_and_recovery_phone_display.sql","projeto","migration histórica","tracked","vistoriado","vistoriado — migration histórica imutável","informativa","não reescrever; corrigir somente por migration aditiva","preserva a cadeia aplicada e a reprodutibilidade","supabase db reset, lint e testes RLS no estado final","Supabase migrations; plano §6"
"supabase/migrations/20260717173336_advisor_security_cleanup.sql","projeto","migration histórica","tracked","vistoriado","vistoriado — migration histórica imutável","informativa","não reescrever; corrigir somente por migration aditiva","preserva a cadeia aplicada e a reprodutibilidade","supabase db reset, lint e testes RLS no estado final","Supabase migrations; plano §6"
"supabase/migrations/20260717174719_move_privileged_rpcs_to_private_schema.sql","projeto","migration histórica","tracked","vistoriado","vistoriado — migration histórica imutável","informativa","não reescrever; corrigir somente por migration aditiva","preserva a cadeia aplicada e a reprodutibilidade","supabase db reset, lint e testes RLS no estado final","Supabase migrations; plano §6"
"supabase/migrations/20260720213000_clients_rls_permissions_hardening.sql","projeto","migration histórica","tracked","vistoriado","vistoriado — migration histórica imutável","informativa","não reescrever; corrigir somente por migration aditiva","preserva a cadeia aplicada e a reprodutibilidade","supabase db reset, lint e testes RLS no estado final","Supabase migrations; plano §6"
"supabase/migrations/20260721030228_remote_schema.sql","projeto","migration histórica","tracked","vistoriado","vistoriado — migration histórica imutável","informativa","não reescrever; corrigir somente por migration aditiva","preserva a cadeia aplicada e a reprodutibilidade","supabase db reset, lint e testes RLS no estado final","Supabase migrations; plano §6"
"supabase/migrations/20260721104050_unify_permissions_cleanup_cron_passkey_fix.sql","projeto","migration histórica","tracked","vistoriado","vistoriado — migration histórica imutável","informativa","não reescrever; corrigir somente por migration aditiva","preserva a cadeia aplicada e a reprodutibilidade","supabase db reset, lint e testes RLS no estado final","Supabase migrations; plano §6"
"supabase/migrations/20260721105931_security_performance_hardening_v2.sql","projeto","migration histórica","tracked","vistoriado","vistoriado — migration histórica imutável","informativa","não reescrever; corrigir somente por migration aditiva","preserva a cadeia aplicada e a reprodutibilidade","supabase db reset, lint e testes RLS no estado final","Supabase migrations; plano §6"
"supabase/migrations/20260721135936_auth_route_security_hardening.sql","projeto","migration histórica","tracked","vistoriado","vistoriado — migration histórica imutável","informativa","não reescrever; corrigir somente por migration aditiva","preserva a cadeia aplicada e a reprodutibilidade","supabase db reset, lint e testes RLS no estado final","Supabase migrations; plano §6"
"supabase/migrations/20260721184401_access_recovery_contact_verification_flags.sql","projeto","migration histórica","tracked","vistoriado","vistoriado — migration histórica imutável","informativa","não reescrever; corrigir somente por migration aditiva","preserva a cadeia aplicada e a reprodutibilidade","supabase db reset, lint e testes RLS no estado final","Supabase migrations; plano §6"
"supabase/migrations/20260722090000_auth_session_active_rpc.sql","projeto","migration histórica","tracked","vistoriado","vistoriado — migration histórica imutável","informativa","não reescrever; corrigir somente por migration aditiva","preserva a cadeia aplicada e a reprodutibilidade","supabase db reset, lint e testes RLS no estado final","Supabase migrations; plano §6"
"supabase/migrations/20260722143000_sync_cron_4x_day.sql","projeto","migration histórica","tracked","vistoriado","vistoriado — migration histórica imutável","informativa","não reescrever; corrigir somente por migration aditiva","preserva a cadeia aplicada e a reprodutibilidade","supabase db reset, lint e testes RLS no estado final","Supabase migrations; plano §6"
"supabase/migrations/20260726171000_auth_edge_service_role_grants.sql","projeto","migration histórica","tracked","vistoriado","vistoriado — migration histórica imutável","informativa","não reescrever; corrigir somente por migration aditiva","preserva a cadeia aplicada e a reprodutibilidade","supabase db reset, lint e testes RLS no estado final","Supabase migrations; plano §6"
"supabase/migrations/20260726193000_auth_phase_1_passkey_optional_and_hardening.sql","projeto","migration histórica","tracked","vistoriado","vistoriado — migration histórica imutável","informativa","não reescrever; corrigir somente por migration aditiva","preserva a cadeia aplicada e a reprodutibilidade","supabase db reset, lint e testes RLS no estado final","Supabase migrations; plano §6"
"supabase/migrations/20260727120000_auth_phase_2_session_lifecycle.sql","projeto","migration histórica","tracked","vistoriado","vistoriado — migration histórica imutável","informativa","não reescrever; corrigir somente por migration aditiva","preserva a cadeia aplicada e a reprodutibilidade","supabase db reset, lint e testes RLS no estado final","Supabase migrations; plano §6"
"supabase/migrations/20260727152116_auth_phase_2_fix_current_time_collision.sql","projeto","migration histórica","tracked","vistoriado","vistoriado — migration histórica imutável","informativa","não reescrever; corrigir somente por migration aditiva","preserva a cadeia aplicada e a reprodutibilidade","supabase db reset, lint e testes RLS no estado final","Supabase migrations; plano §6"
"supabase/migrations/20260731165000_remove_unused_sync_lock_variable.sql","projeto","migration histórica","tracked","vistoriado","vistoriado — migration histórica imutável","informativa","não reescrever; corrigir somente por migration aditiva","preserva a cadeia aplicada e a reprodutibilidade","supabase db reset, lint e testes RLS no estado final","Supabase migrations; plano §6"
"supabase/migrations/20260801010954_revoke_auth_user_sessions.sql","projeto","migration histórica","tracked","vistoriado","vistoriado — migration histórica imutável","informativa","não reescrever; corrigir somente por migration aditiva","preserva a cadeia aplicada e a reprodutibilidade","supabase db reset, lint e testes RLS no estado final","Supabase migrations; plano §6"
"supabase/migrations/20260801012426_reload_postgrest_auth_sessions_schema.sql","projeto","migration histórica","tracked","vistoriado","vistoriado — migration histórica imutável","informativa","não reescrever; corrigir somente por migration aditiva","preserva a cadeia aplicada e a reprodutibilidade","supabase db reset, lint e testes RLS no estado final","Supabase migrations; plano §6"
"supabase/migrations/20260801055438_harden_session_rpcs_and_audit_access.sql","projeto","migration histórica","??","vistoriado","vistoriado — migration histórica imutável","informativa","não reescrever; corrigir somente por migration aditiva","preserva a cadeia aplicada e a reprodutibilidade","supabase db reset, lint e testes RLS no estado final","Supabase migrations; plano §6"
"supabase/migrations/20260801064015_secure_sync_cron_secrets.sql","projeto","migration histórica","??","vistoriado","vistoriado — migration histórica imutável","informativa","não reescrever; corrigir somente por migration aditiva","preserva a cadeia aplicada e a reprodutibilidade","supabase db reset, lint e testes RLS no estado final","Supabase migrations; plano §6"
"supabase/migrations/20260801070744_split_clients_sync_cron_phases.sql","projeto","migration histórica","??","vistoriado","vistoriado — migration histórica imutável","informativa","não reescrever; corrigir somente por migration aditiva","preserva a cadeia aplicada e a reprodutibilidade","supabase db reset, lint e testes RLS no estado final","Supabase migrations; plano §6"
"supabase/migrations/20260801072209_harden_sync_http_timeouts.sql","projeto","migration histórica","??","vistoriado","vistoriado — migration histórica imutável","informativa","não reescrever; corrigir somente por migration aditiva","preserva a cadeia aplicada e a reprodutibilidade","supabase db reset, lint e testes RLS no estado final","Supabase migrations; plano §6"
"supabase/migrations/20260801074200_partition_client_vehicle_sync.sql","projeto","migration histórica","??","vistoriado","vistoriado — migration histórica imutável","informativa","não reescrever; corrigir somente por migration aditiva","preserva a cadeia aplicada e a reprodutibilidade","supabase db reset, lint e testes RLS no estado final","Supabase migrations; plano §6"
"supabase/scripts/audit-auth-session-policy-coverage.sql","projeto","arquivo de projeto","tracked","vistoriado","vistoriado — sem achado específico","informativa","manter sob os gates arquiteturais e funcionais aplicáveis","nenhuma inconsistência individual adicional foi confirmada nesta revisão","validação proporcional à categoria e aos consumidores","auditoria forense 2026-07-31"
"supabase/scripts/disable-auth-session-enforcement.sql","projeto","arquivo de projeto","tracked","vistoriado","vistoriado — sem achado específico","informativa","manter sob os gates arquiteturais e funcionais aplicáveis","nenhuma inconsistência individual adicional foi confirmada nesta revisão","validação proporcional à categoria e aos consumidores","auditoria forense 2026-07-31"
"supabase/scripts/enable-auth-session-enforcement.sql","projeto","arquivo de projeto","tracked","vistoriado","vistoriado — sem achado específico","informativa","manter sob os gates arquiteturais e funcionais aplicáveis","nenhuma inconsistência individual adicional foi confirmada nesta revisão","validação proporcional à categoria e aos consumidores","auditoria forense 2026-07-31"
"supabase/tests/security-contracts.sql","projeto","arquivo de projeto","M","vistoriado","vistoriado — sem achado específico","informativa","manter sob os gates arquiteturais e funcionais aplicáveis","nenhuma inconsistência individual adicional foi confirmada nesta revisão","validação proporcional à categoria e aos consumidores","auditoria forense 2026-07-31"
"supabase/tests/sync-cron-contracts.sql","projeto","arquivo de projeto","??","vistoriado","vistoriado — sem achado específico","informativa","manter sob os gates arquiteturais e funcionais aplicáveis","nenhuma inconsistência individual adicional foi confirmada nesta revisão","validação proporcional à categoria e aos consumidores","auditoria forense 2026-07-31"
"tests/app/layouts/authenticated-layout.test.tsx","projeto","teste","tracked","vistoriado","vistoriado — sem achado específico","informativa","manter sob os gates arquiteturais e funcionais aplicáveis","nenhuma inconsistência individual adicional foi confirmada nesta revisão","validação proporcional à categoria e aos consumidores","auditoria forense 2026-07-31"
"tests/app/router/route-elements.test.tsx","projeto","teste","tracked","vistoriado","vistoriado — sem achado específico","informativa","manter sob os gates arquiteturais e funcionais aplicáveis","nenhuma inconsistência individual adicional foi confirmada nesta revisão","validação proporcional à categoria e aos consumidores","auditoria forense 2026-07-31"
"tests/app/router/route-error-boundary.test.tsx","projeto","teste","tracked","vistoriado","vistoriado — sem achado específico","informativa","manter sob os gates arquiteturais e funcionais aplicáveis","nenhuma inconsistência individual adicional foi confirmada nesta revisão","validação proporcional à categoria e aos consumidores","auditoria forense 2026-07-31"
"tests/app/router/route-registry.test.ts","projeto","teste","tracked","vistoriado","vistoriado — sem achado específico","informativa","manter sob os gates arquiteturais e funcionais aplicáveis","nenhuma inconsistência individual adicional foi confirmada nesta revisão","validação proporcional à categoria e aos consumidores","auditoria forense 2026-07-31"
"tests/components/data-table/data-table-export.test.tsx","projeto","teste","tracked","vistoriado","vistoriado — sem achado específico","informativa","manter sob os gates arquiteturais e funcionais aplicáveis","nenhuma inconsistência individual adicional foi confirmada nesta revisão","validação proporcional à categoria e aos consumidores","auditoria forense 2026-07-31"
"tests/components/data-table/data-table-filter-utils.test.ts","projeto","teste","tracked","vistoriado","vistoriado — sem achado específico","informativa","manter sob os gates arquiteturais e funcionais aplicáveis","nenhuma inconsistência individual adicional foi confirmada nesta revisão","validação proporcional à categoria e aos consumidores","auditoria forense 2026-07-31"
"tests/components/data-table/data-table.test.tsx","projeto","teste","tracked","vistoriado","vistoriado — sem achado específico","informativa","manter sob os gates arquiteturais e funcionais aplicáveis","nenhuma inconsistência individual adicional foi confirmada nesta revisão","validação proporcional à categoria e aos consumidores","auditoria forense 2026-07-31"
"tests/components/shared/app-alert-dialog.test.tsx","projeto","teste","tracked","vistoriado","vistoriado — sem achado específico","informativa","manter sob os gates arquiteturais e funcionais aplicáveis","nenhuma inconsistência individual adicional foi confirmada nesta revisão","validação proporcional à categoria e aos consumidores","auditoria forense 2026-07-31"
"tests/components/shared/app-page.test.tsx","projeto","teste","tracked","vistoriado","vistoriado — sem achado específico","informativa","manter sob os gates arquiteturais e funcionais aplicáveis","nenhuma inconsistência individual adicional foi confirmada nesta revisão","validação proporcional à categoria e aos consumidores","auditoria forense 2026-07-31"
"tests/components/shared/app-unit-selector.test.tsx","projeto","teste","tracked","vistoriado","vistoriado — sem achado específico","informativa","manter sob os gates arquiteturais e funcionais aplicáveis","nenhuma inconsistência individual adicional foi confirmada nesta revisão","validação proporcional à categoria e aos consumidores","auditoria forense 2026-07-31"
"tests/components/sidebar/sidebar-notifications-popover.test.tsx","projeto","teste","tracked","vistoriado","vistoriado — sem achado específico","informativa","manter sob os gates arquiteturais e funcionais aplicáveis","nenhuma inconsistência individual adicional foi confirmada nesta revisão","validação proporcional à categoria e aos consumidores","auditoria forense 2026-07-31"
"tests/components/sidebar/sidebar-user-menu.test.tsx","projeto","teste","tracked","vistoriado","vistoriado — sem achado específico","informativa","manter sob os gates arquiteturais e funcionais aplicáveis","nenhuma inconsistência individual adicional foi confirmada nesta revisão","validação proporcional à categoria e aos consumidores","auditoria forense 2026-07-31"
"tests/components/toast/toast-utils.test.ts","projeto","teste","tracked","vistoriado","vistoriado — sem achado específico","informativa","manter sob os gates arquiteturais e funcionais aplicáveis","nenhuma inconsistência individual adicional foi confirmada nesta revisão","validação proporcional à categoria e aos consumidores","auditoria forense 2026-07-31"
"tests/config/env.test.ts","projeto","teste","tracked","vistoriado","vistoriado — sem achado específico","informativa","manter sob os gates arquiteturais e funcionais aplicáveis","nenhuma inconsistência individual adicional foi confirmada nesta revisão","validação proporcional à categoria e aos consumidores","auditoria forense 2026-07-31"
"tests/config/supabase-functions-config.test.ts","projeto","teste","tracked","vistoriado","vistoriado — sem achado específico","informativa","manter sob os gates arquiteturais e funcionais aplicáveis","nenhuma inconsistência individual adicional foi confirmada nesta revisão","validação proporcional à categoria e aos consumidores","auditoria forense 2026-07-31"
"tests/features/access-requests/access-requests-route.test.tsx","projeto","teste","tracked","vistoriado","vistoriado — sem achado específico","informativa","manter sob os gates arquiteturais e funcionais aplicáveis","nenhuma inconsistência individual adicional foi confirmada nesta revisão","validação proporcional à categoria e aos consumidores","auditoria forense 2026-07-31"
"tests/features/access-requests/access-requests-service.test.ts","projeto","teste","tracked","vistoriado","vistoriado — sem achado específico","informativa","manter sob os gates arquiteturais e funcionais aplicáveis","nenhuma inconsistência individual adicional foi confirmada nesta revisão","validação proporcional à categoria e aos consumidores","auditoria forense 2026-07-31"
"tests/features/audit/audit-gateway-schema.test.ts","projeto","teste","??","vistoriado","vistoriado — sem achado específico","informativa","manter sob os gates arquiteturais e funcionais aplicáveis","nenhuma inconsistência individual adicional foi confirmada nesta revisão","validação proporcional à categoria e aos consumidores","auditoria forense 2026-07-31"
"tests/features/audit/audit-models.test.ts","projeto","teste","??","vistoriado","vistoriado — sem achado específico","informativa","manter sob os gates arquiteturais e funcionais aplicáveis","nenhuma inconsistência individual adicional foi confirmada nesta revisão","validação proporcional à categoria e aos consumidores","auditoria forense 2026-07-31"
"tests/features/audit/audit-route.test.tsx","projeto","teste","M","vistoriado","vistoriado — sem achado específico","informativa","manter sob os gates arquiteturais e funcionais aplicáveis","nenhuma inconsistência individual adicional foi confirmada nesta revisão","validação proporcional à categoria e aos consumidores","auditoria forense 2026-07-31"
"tests/features/audit/audit-service.test.ts","projeto","teste","??","vistoriado","vistoriado — sem achado específico","informativa","manter sob os gates arquiteturais e funcionais aplicáveis","nenhuma inconsistência individual adicional foi confirmada nesta revisão","validação proporcional à categoria e aos consumidores","auditoria forense 2026-07-31"
"tests/features/audit/supabase-audit-gateway.test.ts","projeto","teste","??","vistoriado","vistoriado — sem achado específico","informativa","manter sob os gates arquiteturais e funcionais aplicáveis","nenhuma inconsistência individual adicional foi confirmada nesta revisão","validação proporcional à categoria e aos consumidores","auditoria forense 2026-07-31"
"tests/features/audit/use-audit.test.tsx","projeto","teste","??","vistoriado","vistoriado — sem achado específico","informativa","manter sob os gates arquiteturais e funcionais aplicáveis","nenhuma inconsistência individual adicional foi confirmada nesta revisão","validação proporcional à categoria e aos consumidores","auditoria forense 2026-07-31"
"tests/features/auth/auth-api.test.ts","projeto","teste","tracked","vistoriado","vistoriado — sem achado específico","informativa","manter sob os gates arquiteturais e funcionais aplicáveis","nenhuma inconsistência individual adicional foi confirmada nesta revisão","validação proporcional à categoria e aos consumidores","auditoria forense 2026-07-31"
"tests/features/auth/auth-contracts.test.ts","projeto","teste","tracked","vistoriado","vistoriado — sem achado específico","informativa","manter sob os gates arquiteturais e funcionais aplicáveis","nenhuma inconsistência individual adicional foi confirmada nesta revisão","validação proporcional à categoria e aos consumidores","auditoria forense 2026-07-31"
"tests/features/auth/auth-login-route.test.tsx","projeto","teste","tracked","vistoriado","vistoriado — sem achado específico","informativa","manter sob os gates arquiteturais e funcionais aplicáveis","nenhuma inconsistência individual adicional foi confirmada nesta revisão","validação proporcional à categoria e aos consumidores","auditoria forense 2026-07-31"
"tests/features/auth/auth-provider-inactivity.test.tsx","projeto","teste","tracked","vistoriado","vistoriado — sem achado específico","informativa","manter sob os gates arquiteturais e funcionais aplicáveis","nenhuma inconsistência individual adicional foi confirmada nesta revisão","validação proporcional à categoria e aos consumidores","auditoria forense 2026-07-31"
"tests/features/auth/auth-recovery-route.test.tsx","projeto","teste","tracked","vistoriado","vistoriado — sem achado específico","informativa","manter sob os gates arquiteturais e funcionais aplicáveis","nenhuma inconsistência individual adicional foi confirmada nesta revisão","validação proporcional à categoria e aos consumidores","auditoria forense 2026-07-31"
"tests/features/auth/auth-session-api.test.ts","projeto","teste","tracked","vistoriado","vistoriado — sem achado específico","informativa","manter sob os gates arquiteturais e funcionais aplicáveis","nenhuma inconsistência individual adicional foi confirmada nesta revisão","validação proporcional à categoria e aos consumidores","auditoria forense 2026-07-31"
"tests/features/auth/auth-session-config.test.ts","projeto","teste","tracked","vistoriado","vistoriado — sem achado específico","informativa","manter sob os gates arquiteturais e funcionais aplicáveis","nenhuma inconsistência individual adicional foi confirmada nesta revisão","validação proporcional à categoria e aos consumidores","auditoria forense 2026-07-31"
"tests/features/auth/auth-session-deadline.test.ts","projeto","teste","tracked","vistoriado","vistoriado — sem achado específico","informativa","manter sob os gates arquiteturais e funcionais aplicáveis","nenhuma inconsistência individual adicional foi confirmada nesta revisão","validação proporcional à categoria e aos consumidores","auditoria forense 2026-07-31"
"tests/features/auth/auth-session-migration.test.ts","projeto","teste","tracked","vistoriado","vistoriado — sem achado específico","informativa","manter sob os gates arquiteturais e funcionais aplicáveis","nenhuma inconsistência individual adicional foi confirmada nesta revisão","validação proporcional à categoria e aos consumidores","auditoria forense 2026-07-31"
"tests/features/auth/auth-validation.test.ts","projeto","teste","tracked","vistoriado","vistoriado — sem achado específico","informativa","manter sob os gates arquiteturais e funcionais aplicáveis","nenhuma inconsistência individual adicional foi confirmada nesta revisão","validação proporcional à categoria e aos consumidores","auditoria forense 2026-07-31"
"tests/features/auth/authorization-policy.test.ts","projeto","teste","tracked","vistoriado","vistoriado — sem achado específico","informativa","manter sob os gates arquiteturais e funcionais aplicáveis","nenhuma inconsistência individual adicional foi confirmada nesta revisão","validação proporcional à categoria e aos consumidores","auditoria forense 2026-07-31"
"tests/features/clients/client-sync-service.test.ts","projeto","teste","tracked","vistoriado","vistoriado — sem achado específico","informativa","manter sob os gates arquiteturais e funcionais aplicáveis","nenhuma inconsistência individual adicional foi confirmada nesta revisão","validação proporcional à categoria e aos consumidores","auditoria forense 2026-07-31"
"tests/features/clients/clients-details.test.tsx","projeto","teste","tracked","vistoriado","vistoriado — sem achado específico","informativa","manter sob os gates arquiteturais e funcionais aplicáveis","nenhuma inconsistência individual adicional foi confirmada nesta revisão","validação proporcional à categoria e aos consumidores","auditoria forense 2026-07-31"
"tests/features/clients/clients-route.test.tsx","projeto","teste","tracked","vistoriado","vistoriado — sem achado específico","informativa","manter sob os gates arquiteturais e funcionais aplicáveis","nenhuma inconsistência individual adicional foi confirmada nesta revisão","validação proporcional à categoria e aos consumidores","auditoria forense 2026-07-31"
"tests/features/clients/clients-routing-config.test.ts","projeto","teste","tracked","vistoriado","vistoriado — sem achado específico","informativa","manter sob os gates arquiteturais e funcionais aplicáveis","nenhuma inconsistência individual adicional foi confirmada nesta revisão","validação proporcional à categoria e aos consumidores","auditoria forense 2026-07-31"
"tests/features/clients/clients-service.test.ts","projeto","teste","tracked","vistoriado","vistoriado — sem achado específico","informativa","manter sob os gates arquiteturais e funcionais aplicáveis","nenhuma inconsistência individual adicional foi confirmada nesta revisão","validação proporcional à categoria e aos consumidores","auditoria forense 2026-07-31"
"tests/features/dashboard/dashboard-bento-grid.test.tsx","projeto","teste","tracked","vistoriado","vistoriado — sem achado específico","informativa","manter sob os gates arquiteturais e funcionais aplicáveis","nenhuma inconsistência individual adicional foi confirmada nesta revisão","validação proporcional à categoria e aos consumidores","auditoria forense 2026-07-31"
"tests/features/dashboard/dashboard-service.test.ts","projeto","teste","tracked","vistoriado","vistoriado — sem achado específico","informativa","manter sob os gates arquiteturais e funcionais aplicáveis","nenhuma inconsistência individual adicional foi confirmada nesta revisão","validação proporcional à categoria e aos consumidores","auditoria forense 2026-07-31"
"tests/features/my-profile/my-profile-route.test.tsx","projeto","teste","tracked","vistoriado","vistoriado — sem achado específico","informativa","manter sob os gates arquiteturais e funcionais aplicáveis","nenhuma inconsistência individual adicional foi confirmada nesta revisão","validação proporcional à categoria e aos consumidores","auditoria forense 2026-07-31"
"tests/features/notifications/notifications-route.test.tsx","projeto","teste","tracked","vistoriado","vistoriado — sem achado específico","informativa","manter sob os gates arquiteturais e funcionais aplicáveis","nenhuma inconsistência individual adicional foi confirmada nesta revisão","validação proporcional à categoria e aos consumidores","auditoria forense 2026-07-31"
"tests/features/notifications/notifications-service.test.ts","projeto","teste","tracked","vistoriado","vistoriado — sem achado específico","informativa","manter sob os gates arquiteturais e funcionais aplicáveis","nenhuma inconsistência individual adicional foi confirmada nesta revisão","validação proporcional à categoria e aos consumidores","auditoria forense 2026-07-31"
"tests/features/permissions/permissions-matrix-model.test.ts","projeto","teste","tracked","vistoriado","vistoriado — sem achado específico","informativa","manter sob os gates arquiteturais e funcionais aplicáveis","nenhuma inconsistência individual adicional foi confirmada nesta revisão","validação proporcional à categoria e aos consumidores","auditoria forense 2026-07-31"
"tests/features/permissions/permissions-route.test.tsx","projeto","teste","tracked","vistoriado","vistoriado — sem achado específico","informativa","manter sob os gates arquiteturais e funcionais aplicáveis","nenhuma inconsistência individual adicional foi confirmada nesta revisão","validação proporcional à categoria e aos consumidores","auditoria forense 2026-07-31"
"tests/features/permissions/permissions-service.test.ts","projeto","teste","tracked","vistoriado","vistoriado — sem achado específico","informativa","manter sob os gates arquiteturais e funcionais aplicáveis","nenhuma inconsistência individual adicional foi confirmada nesta revisão","validação proporcional à categoria e aos consumidores","auditoria forense 2026-07-31"
"tests/features/prices/prices-form-schema.test.ts","projeto","teste","tracked","vistoriado","vistoriado — sem achado específico","informativa","manter sob os gates arquiteturais e funcionais aplicáveis","nenhuma inconsistência individual adicional foi confirmada nesta revisão","validação proporcional à categoria e aos consumidores","auditoria forense 2026-07-31"
"tests/features/prices/prices-route.test.tsx","projeto","teste","tracked","vistoriado","vistoriado — sem achado específico","informativa","manter sob os gates arquiteturais e funcionais aplicáveis","nenhuma inconsistência individual adicional foi confirmada nesta revisão","validação proporcional à categoria e aos consumidores","auditoria forense 2026-07-31"
"tests/features/prices/prices-service.test.ts","projeto","teste","tracked","vistoriado","vistoriado — sem achado específico","informativa","manter sob os gates arquiteturais e funcionais aplicáveis","nenhuma inconsistência individual adicional foi confirmada nesta revisão","validação proporcional à categoria e aos consumidores","auditoria forense 2026-07-31"
"tests/features/reports/reports-service.test.ts","projeto","teste","tracked","vistoriado","vistoriado — sem achado específico","informativa","manter sob os gates arquiteturais e funcionais aplicáveis","nenhuma inconsistência individual adicional foi confirmada nesta revisão","validação proporcional à categoria e aos consumidores","auditoria forense 2026-07-31"
"tests/features/rules/rules-form-schema.test.ts","projeto","teste","tracked","vistoriado","vistoriado — sem achado específico","informativa","manter sob os gates arquiteturais e funcionais aplicáveis","nenhuma inconsistência individual adicional foi confirmada nesta revisão","validação proporcional à categoria e aos consumidores","auditoria forense 2026-07-31"
"tests/features/rules/rules-route.test.tsx","projeto","teste","tracked","vistoriado","vistoriado — sem achado específico","informativa","manter sob os gates arquiteturais e funcionais aplicáveis","nenhuma inconsistência individual adicional foi confirmada nesta revisão","validação proporcional à categoria e aos consumidores","auditoria forense 2026-07-31"
"tests/features/rules/vip-rules-service.test.ts","projeto","teste","tracked","vistoriado","vistoriado — sem achado específico","informativa","manter sob os gates arquiteturais e funcionais aplicáveis","nenhuma inconsistência individual adicional foi confirmada nesta revisão","validação proporcional à categoria e aos consumidores","auditoria forense 2026-07-31"
"tests/features/security/security-route.test.tsx","projeto","teste","tracked","vistoriado","vistoriado — sem achado específico","informativa","manter sob os gates arquiteturais e funcionais aplicáveis","nenhuma inconsistência individual adicional foi confirmada nesta revisão","validação proporcional à categoria e aos consumidores","auditoria forense 2026-07-31"
"tests/features/units/unit-sync-service.test.ts","projeto","teste","tracked","vistoriado","vistoriado — sem achado específico","informativa","manter sob os gates arquiteturais e funcionais aplicáveis","nenhuma inconsistência individual adicional foi confirmada nesta revisão","validação proporcional à categoria e aos consumidores","auditoria forense 2026-07-31"
"tests/features/units/unit-users-route.test.tsx","projeto","teste","tracked","vistoriado","vistoriado — sem achado específico","informativa","manter sob os gates arquiteturais e funcionais aplicáveis","nenhuma inconsistência individual adicional foi confirmada nesta revisão","validação proporcional à categoria e aos consumidores","auditoria forense 2026-07-31"
"tests/features/units/unit-yard-service.test.ts","projeto","teste","tracked","vistoriado","vistoriado — sem achado específico","informativa","manter sob os gates arquiteturais e funcionais aplicáveis","nenhuma inconsistência individual adicional foi confirmada nesta revisão","validação proporcional à categoria e aos consumidores","auditoria forense 2026-07-31"
"tests/features/units/units-route.test.tsx","projeto","teste","tracked","vistoriado","vistoriado — sem achado específico","informativa","manter sob os gates arquiteturais e funcionais aplicáveis","nenhuma inconsistência individual adicional foi confirmada nesta revisão","validação proporcional à categoria e aos consumidores","auditoria forense 2026-07-31"
"tests/features/units/units-service.test.ts","projeto","teste","tracked","vistoriado","vistoriado — sem achado específico","informativa","manter sob os gates arquiteturais e funcionais aplicáveis","nenhuma inconsistência individual adicional foi confirmada nesta revisão","validação proporcional à categoria e aos consumidores","auditoria forense 2026-07-31"
"tests/features/users/supabase-users-gateway.test.ts","projeto","teste","??","vistoriado","vistoriado — sem achado específico","informativa","manter sob os gates arquiteturais e funcionais aplicáveis","nenhuma inconsistência individual adicional foi confirmada nesta revisão","validação proporcional à categoria e aos consumidores","auditoria forense 2026-07-31"
"tests/features/users/use-users.test.tsx","projeto","teste","??","vistoriado","vistoriado — sem achado específico","informativa","manter sob os gates arquiteturais e funcionais aplicáveis","nenhuma inconsistência individual adicional foi confirmada nesta revisão","validação proporcional à categoria e aos consumidores","auditoria forense 2026-07-31"
"tests/features/users/user-form-dialog.test.tsx","projeto","teste","tracked","vistoriado","vistoriado — sem achado específico","informativa","manter sob os gates arquiteturais e funcionais aplicáveis","nenhuma inconsistência individual adicional foi confirmada nesta revisão","validação proporcional à categoria e aos consumidores","auditoria forense 2026-07-31"
"tests/features/users/users-admin-policy.test.ts","projeto","teste","tracked","vistoriado","vistoriado — sem achado específico","informativa","manter sob os gates arquiteturais e funcionais aplicáveis","nenhuma inconsistência individual adicional foi confirmada nesta revisão","validação proporcional à categoria e aos consumidores","auditoria forense 2026-07-31"
"tests/features/users/users-form-schema.test.ts","projeto","teste","tracked","vistoriado","vistoriado — sem achado específico","informativa","manter sob os gates arquiteturais e funcionais aplicáveis","nenhuma inconsistência individual adicional foi confirmada nesta revisão","validação proporcional à categoria e aos consumidores","auditoria forense 2026-07-31"
"tests/features/users/users-gateway-schemas.test.ts","projeto","teste","M","vistoriado","vistoriado — sem achado específico","informativa","manter sob os gates arquiteturais e funcionais aplicáveis","nenhuma inconsistência individual adicional foi confirmada nesta revisão","validação proporcional à categoria e aos consumidores","auditoria forense 2026-07-31"
"tests/features/users/users-models.test.ts","projeto","teste","M","vistoriado","vistoriado — sem achado específico","informativa","manter sob os gates arquiteturais e funcionais aplicáveis","nenhuma inconsistência individual adicional foi confirmada nesta revisão","validação proporcional à categoria e aos consumidores","auditoria forense 2026-07-31"
"tests/features/users/users-route.test.tsx","projeto","teste","tracked","vistoriado","vistoriado — sem achado específico","informativa","manter sob os gates arquiteturais e funcionais aplicáveis","nenhuma inconsistência individual adicional foi confirmada nesta revisão","validação proporcional à categoria e aos consumidores","auditoria forense 2026-07-31"
"tests/features/users/users-row-actions.test.ts","projeto","teste","tracked","vistoriado","vistoriado — sem achado específico","informativa","manter sob os gates arquiteturais e funcionais aplicáveis","nenhuma inconsistência individual adicional foi confirmada nesta revisão","validação proporcional à categoria e aos consumidores","auditoria forense 2026-07-31"
"tests/features/users/users-service.test.ts","projeto","teste","tracked","vistoriado","vistoriado — sem achado específico","informativa","manter sob os gates arquiteturais e funcionais aplicáveis","nenhuma inconsistência individual adicional foi confirmada nesta revisão","validação proporcional à categoria e aos consumidores","auditoria forense 2026-07-31"
"tests/helpers/audit-memory-gateway.ts","projeto","teste","??","vistoriado","vistoriado — sem achado específico","informativa","manter sob os gates arquiteturais e funcionais aplicáveis","nenhuma inconsistência individual adicional foi confirmada nesta revisão","validação proporcional à categoria e aos consumidores","auditoria forense 2026-07-31"
"tests/helpers/clients-memory-gateway.ts","projeto","teste","tracked","vistoriado","vistoriado — sem achado específico","informativa","manter sob os gates arquiteturais e funcionais aplicáveis","nenhuma inconsistência individual adicional foi confirmada nesta revisão","validação proporcional à categoria e aos consumidores","auditoria forense 2026-07-31"
"tests/helpers/flush-react-updates.ts","projeto","teste","tracked","vistoriado","vistoriado — sem achado específico","informativa","manter sob os gates arquiteturais e funcionais aplicáveis","nenhuma inconsistência individual adicional foi confirmada nesta revisão","validação proporcional à categoria e aos consumidores","auditoria forense 2026-07-31"
"tests/helpers/notifications-memory-gateway.ts","projeto","teste","tracked","vistoriado","vistoriado — sem achado específico","informativa","manter sob os gates arquiteturais e funcionais aplicáveis","nenhuma inconsistência individual adicional foi confirmada nesta revisão","validação proporcional à categoria e aos consumidores","auditoria forense 2026-07-31"
"tests/helpers/users-memory-gateway.ts","projeto","teste","tracked","vistoriado","vistoriado — sem achado específico","informativa","manter sob os gates arquiteturais e funcionais aplicáveis","nenhuma inconsistência individual adicional foi confirmada nesta revisão","validação proporcional à categoria e aos consumidores","auditoria forense 2026-07-31"
"tests/hooks/use-async-snapshot.test.tsx","projeto","teste","tracked","vistoriado","vistoriado — sem achado específico","informativa","manter sob os gates arquiteturais e funcionais aplicáveis","nenhuma inconsistência individual adicional foi confirmada nesta revisão","validação proporcional à categoria e aos consumidores","auditoria forense 2026-07-31"
"tests/lib/errors.test.ts","projeto","teste","tracked","vistoriado","vistoriado — sem achado específico","informativa","manter sob os gates arquiteturais e funcionais aplicáveis","nenhuma inconsistência individual adicional foi confirmada nesta revisão","validação proporcional à categoria e aos consumidores","auditoria forense 2026-07-31"
"tests/lib/export/xlsx.test.ts","projeto","teste","tracked","vistoriado","vistoriado — sem achado específico","informativa","manter sob os gates arquiteturais e funcionais aplicáveis","nenhuma inconsistência individual adicional foi confirmada nesta revisão","validação proporcional à categoria e aos consumidores","auditoria forense 2026-07-31"
"tests/setup.ts","projeto","teste","M","vistoriado","vistoriado — sem achado específico","informativa","manter sob os gates arquiteturais e funcionais aplicáveis","nenhuma inconsistência individual adicional foi confirmada nesta revisão","validação proporcional à categoria e aos consumidores","auditoria forense 2026-07-31"
"tests/supabase/clients-sync-cursor.test.ts","projeto","teste","tracked","vistoriado","vistoriado — sem achado específico","informativa","manter sob os gates arquiteturais e funcionais aplicáveis","nenhuma inconsistência individual adicional foi confirmada nesta revisão","validação proporcional à categoria e aos consumidores","auditoria forense 2026-07-31"
"tests/supabase/clients-sync-deduplicate-vehicles.test.ts","projeto","teste","tracked","vistoriado","vistoriado — sem achado específico","informativa","manter sob os gates arquiteturais e funcionais aplicáveis","nenhuma inconsistência individual adicional foi confirmada nesta revisão","validação proporcional à categoria e aos consumidores","auditoria forense 2026-07-31"
"tests/supabase/clients-sync-source-hash.test.ts","projeto","teste","tracked","vistoriado","vistoriado — sem achado específico","informativa","manter sob os gates arquiteturais e funcionais aplicáveis","nenhuma inconsistência individual adicional foi confirmada nesta revisão","validação proporcional à categoria e aos consumidores","auditoria forense 2026-07-31"
"tests/supabase/clients-sync-vehicle-partition.test.ts","projeto","teste","tracked","vistoriado","vistoriado — sem achado específico","informativa","manter sob os gates arquiteturais e funcionais aplicáveis","nenhuma inconsistência individual adicional foi confirmada nesta revisão","validação proporcional à categoria e aos consumidores","auditoria forense 2026-07-31"
"tests/tsconfig.json","projeto","teste","tracked","vistoriado","vistoriado — sem achado específico","informativa","manter sob os gates arquiteturais e funcionais aplicáveis","nenhuma inconsistência individual adicional foi confirmada nesta revisão","validação proporcional à categoria e aos consumidores","auditoria forense 2026-07-31"
"tsconfig.app.json","projeto","configuração","tracked","vistoriado","vistoriado — sem achado específico","informativa","manter sob os gates arquiteturais e funcionais aplicáveis","nenhuma inconsistência individual adicional foi confirmada nesta revisão","validação proporcional à categoria e aos consumidores","auditoria forense 2026-07-31"
"tsconfig.json","projeto","configuração","tracked","vistoriado","vistoriado — sem achado específico","informativa","manter sob os gates arquiteturais e funcionais aplicáveis","nenhuma inconsistência individual adicional foi confirmada nesta revisão","validação proporcional à categoria e aos consumidores","auditoria forense 2026-07-31"
"tsconfig.node.json","projeto","configuração","tracked","vistoriado","vistoriado — sem achado específico","informativa","manter sob os gates arquiteturais e funcionais aplicáveis","nenhuma inconsistência individual adicional foi confirmada nesta revisão","validação proporcional à categoria e aos consumidores","auditoria forense 2026-07-31"
"tsconfig.test.json","projeto","configuração","tracked","vistoriado","vistoriado — sem achado específico","informativa","manter sob os gates arquiteturais e funcionais aplicáveis","nenhuma inconsistência individual adicional foi confirmada nesta revisão","validação proporcional à categoria e aos consumidores","auditoria forense 2026-07-31"
"vercel.json","projeto","configuração","tracked","vistoriado","vistoriado — sem achado específico","informativa","manter sob os gates arquiteturais e funcionais aplicáveis","nenhuma inconsistência individual adicional foi confirmada nesta revisão","validação proporcional à categoria e aos consumidores","auditoria forense 2026-07-31"
"vite.config.ts","projeto","configuração","tracked","vistoriado","vistoriado — sem achado específico","informativa","manter sob os gates arquiteturais e funcionais aplicáveis","nenhuma inconsistência individual adicional foi confirmada nesta revisão","validação proporcional à categoria e aos consumidores","auditoria forense 2026-07-31"
